
                         MODELLER 10.4, 2022/10/28, r12463

     PROTEIN STRUCTURE MODELLING BY SATISFACTION OF SPATIAL RESTRAINTS


                     Copyright(c) 1989-2022 Andrej Sali
                            All Rights Reserved

                             Written by A. Sali
                               with help from
              B. Webb, M.S. Madhusudhan, M-Y. Shen, G.Q. Dong,
          M.A. Marti-Renom, N. Eswar, F. Alber, M. Topf, B. Oliva,
             A. Fiser, R. Sanchez, B. Yerkovich, A. Badretdinov,
                     F. Melo, J.P. Overington, E. Feyfant
                 University of California, San Francisco, USA
                    Rockefeller University, New York, USA
                      Harvard University, Cambridge, USA
                   Imperial Cancer Research Fund, London, UK
              Birkbeck College, University of London, London, UK


Kind, OS, HostName, Kernel, Processor: 4, Darwin BTS-VQG3FX7-LT 23.6.0 arm64
Date and time of compilation         : 2022/10/28 13:23:21
MODELLER executable type             : mac12arm64-gnu
Job starting time (YY/MM/DD HH:MM:SS): 2025/02/24 18:50:17

read_pd_459W> Residue type  HIP not recognized. 'AutoModel' model building
              will treat this residue as a rigid body.
              To use real parameters, add the residue type to ${LIB}/restyp.lib,
              its topology to ${LIB}/top_*.lib, and suitable forcefield
              parameters to ${LIB}/par.lib.
read_pd_459W> Residue type  HID not recognized. 'AutoModel' model building
              will treat this residue as a rigid body.
              To use real parameters, add the residue type to ${LIB}/restyp.lib,
              its topology to ${LIB}/top_*.lib, and suitable forcefield
              parameters to ${LIB}/par.lib.
read_pd_459W> Residue type  HIE not recognized. 'AutoModel' model building
              will treat this residue as a rigid body.
              To use real parameters, add the residue type to ${LIB}/restyp.lib,
              its topology to ${LIB}/top_*.lib, and suitable forcefield
              parameters to ${LIB}/par.lib.
read_pd_459W> Residue type  GLH not recognized. 'AutoModel' model building
              will treat this residue as a rigid body.
              To use real parameters, add the residue type to ${LIB}/restyp.lib,
              its topology to ${LIB}/top_*.lib, and suitable forcefield
              parameters to ${LIB}/par.lib.

check_ali___> Checking the sequence-structure alignment. 

Implied intrachain target CA(i)-CA(i+1) distances longer than  8.0 angstroms:

ALN_POS  TMPL  RID1  RID2  NAM1  NAM2     DIST
----------------------------------------------
END OF TABLE
read_to_681_> topology.submodel read from topology file:        3
mdtrsr__446W> A potential that relies on one protein is used, yet you have at
              least one known structure available. MDT, not library, potential is used.
iup2crm_280W> No topology library in memory or assigning a BLK residue.
              Default CHARMM atom type assigned:  N -->  N
              This message is written only for the first such atom.
0 atoms in HETATM/BLK residues constrained
to protein atoms within 2.30 angstroms
and protein CA atoms within 10.00 angstroms
0 atoms in residues without defined topology
constrained to be rigid bodies
condens_443_> Restraints marked for deletion were removed.
              Total number of restraints before, now:    49318    45979
iupac_m_397W> Atoms were not swapped because of the uncertainty of how to handle the H atom.
iupac_m_397W> Atoms were not swapped because of the uncertainty of how to handle the H atom.
iupac_m_397W> Atoms were not swapped because of the uncertainty of how to handle the H atom.
iupac_m_397W> Atoms were not swapped because of the uncertainty of how to handle the H atom.
iupac_m_397W> Atoms were not swapped because of the uncertainty of how to handle the H atom.
iupac_m_397W> Atoms were not swapped because of the uncertainty of how to handle the H atom.
iupac_m_397W> Atoms were not swapped because of the uncertainty of how to handle the H atom.
iupac_m_397W> Atoms were not swapped because of the uncertainty of how to handle the H atom.
iupac_m_397W> Atoms were not swapped because of the uncertainty of how to handle the H atom.
iupac_m_397W> Atoms were not swapped because of the uncertainty of how to handle the H atom.
iupac_m_397W> Atoms were not swapped because of the uncertainty of how to handle the H atom.
iupac_m_397W> Atoms were not swapped because of the uncertainty of how to handle the H atom.
iupac_m_397W> Atoms were not swapped because of the uncertainty of how to handle the H atom.
iupac_m_397W> Atoms were not swapped because of the uncertainty of how to handle the H atom.
iupac_m_397W> Atoms were not swapped because of the uncertainty of how to handle the H atom.
iupac_m_397W> Atoms were not swapped because of the uncertainty of how to handle the H atom.
>> Model assessment by DOPE potential
iatmcls_286W> MODEL atom not classified:  VAL:OXT  VAL
iatmcls_286W> MODEL atom not classified:  TRP:OXT  TRP


>> ENERGY; Differences between the model's features and restraints:
Number of all residues in MODEL                   :      472
Number of all, selected real atoms                :     3736    3736
Number of all, selected pseudo atoms              :        0       0
Number of all static, selected restraints         :    45979   45979
COVALENT_CYS                                      :        F
NONBONDED_SEL_ATOMS                               :        1
Number of non-bonded pairs (excluding 1-2,1-3,1-4):   762089
Dynamic pairs routine                             : 1, NATM x NATM double loop
Atomic shift for contacts update (UPDATE_DYNAMIC) :    0.390
LENNARD_JONES_SWITCH                              :    6.500   7.500
COULOMB_JONES_SWITCH                              :    6.500   7.500
RESIDUE_SPAN_RANGE                                :        1    9999
NLOGN_USE                                         :       15
CONTACT_SHELL                                     :   15.000
DYNAMIC_PAIRS,_SPHERE,_COULOMB,_LENNARD,_MODELLER :        T       F       F       F       T
SPHERE_STDV                                       :    0.050
RADII_FACTOR                                      :    0.820
Current energy                                    :      -54496.4453




<< end of ENERGY.
DOPE score               : -54496.445312
>> Model assessment by GA341 potential

Surface library          : /Users/kehuang/miniconda3/lib/modeller-10.4/modlib/surf5.de
Pair library             : /Users/kehuang/miniconda3/lib/modeller-10.4/modlib/pair9.de
Chain identifier         : _
% sequence identity      :    96.231003
Sequence length          :          452
Compactness              :     0.245912
Native energy (pair)     :  -467.239210
Native energy (surface)  :   -32.752574
Native energy (combined) :   -14.697366
Z score (pair)           :   -11.926772
Z score (surface)        :   -10.015058
Z score (combined)       :   -15.161682
GA341 score              :     1.000000



>> ENERGY; Differences between the model's features and restraints:
Number of all residues in MODEL                   :      472
Number of all, selected real atoms                :     3736    3736
Number of all, selected pseudo atoms              :        0       0
Number of all static, selected restraints         :    45979   45979
COVALENT_CYS                                      :        F
NONBONDED_SEL_ATOMS                               :        1
Number of non-bonded pairs (excluding 1-2,1-3,1-4):     7654
Dynamic pairs routine                             : 2, NATM x NATM cell sorting
Atomic shift for contacts update (UPDATE_DYNAMIC) :    0.390
LENNARD_JONES_SWITCH                              :    6.500   7.500
COULOMB_JONES_SWITCH                              :    6.500   7.500
RESIDUE_SPAN_RANGE                                :        0   99999
NLOGN_USE                                         :       15
CONTACT_SHELL                                     :    4.000
DYNAMIC_PAIRS,_SPHERE,_COULOMB,_LENNARD,_MODELLER :        T       T       F       F       F
SPHERE_STDV                                       :    0.050
RADII_FACTOR                                      :    0.820
Current energy                                    :        2626.2275





Summary of the restraint violations: 

   NUM     ... number of restraints.
   NUMVI   ... number of restraints with RVIOL > VIOL_REPORT_CUT[i].
   RVIOL   ... relative difference from the best value.
   NUMVP   ... number of restraints with -Ln(pdf) > VIOL_REPORT_CUT2[i].
   RMS_1   ... RMS(feature, minimally_violated_basis_restraint, NUMB).
   RMS_2   ... RMS(feature, best_value, NUMB).
   MOL.PDF ... scaled contribution to -Ln(Molecular pdf).

 #                     RESTRAINT_GROUP      NUM   NUMVI  NUMVP   RMS_1   RMS_2         MOL.PDF     S_i
------------------------------------------------------------------------------------------------------
 1 Bond length potential              :    3833       0      0   0.006   0.006      35.815       1.000
 2 Bond angle potential               :    5191       0     11   1.891   1.891      359.27       1.000
 3 Stereochemical cosine torsion poten:    2521       0     57  46.210  46.210      835.75       1.000
 4 Stereochemical improper torsion pot:    1632       0      1   1.164   1.164      49.534       1.000
 5 Soft-sphere overlap restraints     :    7654       0      0   0.002   0.002      4.9887       1.000
 6 Lennard-Jones 6-12 potential       :       0       0      0   0.000   0.000      0.0000       1.000
 7 Coulomb point-point electrostatic p:       0       0      0   0.000   0.000      0.0000       1.000
 8 H-bonding potential                :       0       0      0   0.000   0.000      0.0000       1.000
 9 Distance restraints 1 (CA-CA)      :    9374       0      0   0.103   0.103      121.85       1.000
10 Distance restraints 2 (N-O)        :    9207       4     19   0.183   0.183      308.36       1.000
11 Mainchain Phi dihedral restraints  :       0       0      0   0.000   0.000      0.0000       1.000
12 Mainchain Psi dihedral restraints  :       0       0      0   0.000   0.000      0.0000       1.000
13 Mainchain Omega dihedral restraints:     470       1      4   8.794   8.794      78.588       1.000
14 Sidechain Chi_1 dihedral restraints:     395       0      1  44.854  44.854      3.6714       1.000
15 Sidechain Chi_2 dihedral restraints:     298       0      2  64.167  64.167      81.630       1.000
16 Sidechain Chi_3 dihedral restraints:     132       0      0  50.665  50.665      70.713       1.000
17 Sidechain Chi_4 dihedral restraints:      48       0      0  88.666  88.666      34.647       1.000
18 Disulfide distance restraints      :       0       0      0   0.000   0.000      0.0000       1.000
19 Disulfide angle restraints         :       0       0      0   0.000   0.000      0.0000       1.000
20 Disulfide dihedral angle restraints:       0       0      0   0.000   0.000      0.0000       1.000
21 Lower bound distance restraints    :       0       0      0   0.000   0.000      0.0000       1.000
22 Upper bound distance restraints    :       0       0      0   0.000   0.000      0.0000       1.000
23 Distance restraints 3 (SDCH-MNCH)  :    7370       0      0   0.364   0.364      177.76       1.000
24 Sidechain Chi_5 dihedral restraints:       0       0      0   0.000   0.000      0.0000       1.000
25 Phi/Psi pair of dihedral restraints:     468      37     30  21.867  57.821      55.337       1.000
26 Distance restraints 4 (SDCH-SDCH)  :    5040       0      8   0.748   0.748      408.32       1.000
27 Distance restraints 5 (X-Y)        :       0       0      0   0.000   0.000      0.0000       1.000
28 NMR distance restraints 6 (X-Y)    :       0       0      0   0.000   0.000      0.0000       1.000
29 NMR distance restraints 7 (X-Y)    :       0       0      0   0.000   0.000      0.0000       1.000
30 Minimal distance restraints        :       0       0      0   0.000   0.000      0.0000       1.000
31 Non-bonded restraints              :       0       0      0   0.000   0.000      0.0000       1.000
32 Atomic accessibility restraints    :       0       0      0   0.000   0.000      0.0000       1.000
33 Atomic density restraints          :       0       0      0   0.000   0.000      0.0000       1.000
34 Absolute position restraints       :       0       0      0   0.000   0.000      0.0000       1.000
35 Dihedral angle difference restraint:       0       0      0   0.000   0.000      0.0000       1.000
36 GBSA implicit solvent potential    :       0       0      0   0.000   0.000      0.0000       1.000
37 EM density fitting potential       :       0       0      0   0.000   0.000      0.0000       1.000
38 SAXS restraints                    :       0       0      0   0.000   0.000      0.0000       1.000
39 Symmetry restraints                :       0       0      0   0.000   0.000      0.0000       1.000



# Heavy relative violation of each residue is written to: abl+pep.V99990001
# The profile is NOT normalized by the number of restraints.
# The profiles are smoothed over a window of residues:    1
# The sum of all numbers in the file:   39382.4805



List of the violated restraints:
   A restraint is violated when the relative difference
   from the best value (RVIOL) is larger than CUTOFF.

   ICSR   ... index of a restraint in the current set.
   RESNO  ... residue numbers of the first two atoms.
   ATM    ... IUPAC atom names of the first two atoms.
   FEAT   ... the value of the feature in the model.
   restr  ... the mean of the basis restraint with the smallest
              difference from the model (local minimum).
   viol   ... difference from the local minimum.
   rviol  ... relative difference from the local minimum.
   RESTR  ... the best value (global minimum).
   VIOL   ... difference from the best value.
   RVIOL  ... relative difference from the best value.


-------------------------------------------------------------------------------------------------

Feature 10                           : Distance restraints 2 (N-O)             
List of the RVIOL violations larger than   :       4.5000

    #   ICSR  RESNO1/2 ATM1/2   INDATM1/2    FEAT   restr    viol   rviol   RESTR    VIOL   RVIOL
    1  26620 106G  79S N   O     828  627    9.93    7.56    2.36    4.61    7.56    2.36    4.61

-------------------------------------------------------------------------------------------------

Feature 13                           : Mainchain Omega dihedral restraints     
List of the RVIOL violations larger than   :       4.5000

    #   ICSR  RESNO1/2 ATM1/2   INDATM1/2    FEAT   restr    viol   rviol   RESTR    VIOL   RVIOL
    1  13891 246P 246P CA  C    1955 1959  171.49   -0.75  172.23   35.14   -0.75  172.23   35.14

-------------------------------------------------------------------------------------------------

Feature 25                           : Phi/Psi pair of dihedral restraints     
List of the RVIOL violations larger than   :       6.5000

    #   ICSR  RESNO1/2 ATM1/2   INDATM1/2    FEAT   restr    viol   rviol   RESTR    VIOL   RVIOL
    1  13197  20T  21K C   N     151  153  -60.13  -62.90   11.04    1.60  -70.20  170.81   12.14
    1         21K  21K N   CA    153  154  -30.12  -40.80                  140.40
    2  13198  21K  22G C   N     160  162  -95.66  -62.40   38.88    5.89   82.20 -179.70   13.05
    2         22G  22G N   CA    162  163  -21.06  -41.20                    8.50
    3  13208  31N  32H C   N     240  242  -57.02  -63.20    6.88    0.90 -125.60 -171.23    8.24
    3         32H  32H N   CA    242  243  -45.33  -42.30                  138.80
    4  13255  78L  79S C   N     620  622  -60.28 -136.60   76.37    2.96  -64.10  176.72   12.58
    4         79S  79S N   CA    622  623  148.32  151.20                  -35.00
    5  13256  79S  80S C   N     626  628   85.03  -64.10  151.05   19.99  -64.10  151.05   19.99
    5         80S  80S N   CA    628  629  -11.01  -35.00                  -35.00
    6  13271  94S  95P C   N     735  737  -61.69  -58.70    3.34    0.47  -64.50  179.21   13.22
    6         95P  95P N   CA    737  738  -31.99  -30.50                  147.20
    7  13272  95P  96G C   N     742  744  -80.87  -62.40   22.25    3.32   82.20  167.29   12.36
    7         96G  96G N   CA    744  745  -28.80  -41.20                    8.50
    8  13313 136V 137H C   N    1076 1078  -64.23  -63.20    1.17    0.15 -125.60 -170.35    8.19
    8        137H 137H N   CA   1078 1079  -41.76  -42.30                  138.80
    9  13314 137H 138H C   N    1086 1088  -60.29  -63.20    5.43    0.58 -125.60 -173.85    8.10
    9        138H 138H N   CA   1088 1089  -46.89  -42.30                  138.80
   10  13327 150L 151H C   N    1181 1183 -115.98  -63.20   53.78    8.96 -125.60  168.91    6.60
   10        151H 151H N   CA   1183 1184  -52.57  -42.30                  138.80
   11  13410 233P 234N C   N    1860 1862 -107.69  -63.20   84.12    9.04  -63.20   84.12    9.04
   11        234N 234N N   CA   1862 1863   30.29  -41.10                  -41.10
   12  13422 245E 246P C   N    1952 1954  -59.80  -58.70   11.30    1.02  -64.50  171.12   13.02
   12        246P 246P N   CA   1954 1955  -41.74  -30.50                  147.20
   13  13474 297I 298H C   N    2386 2388  -73.72  -63.20   12.15    2.09 -125.60 -179.56    7.71
   13        298H 298H N   CA   2388 2389  -48.38  -42.30                  138.80
   14  13476 299R 300N C   N    2407 2409 -145.85 -119.90   87.78    4.50  -63.20  125.35   13.76
   14        300N 300N N   CA   2409 2410   53.15  137.00                  -41.10
   15  13488 311N 312H C   N    2494 2496   60.59   56.30   10.76    0.78 -125.60 -155.44    8.99
   15        312H 312H N   CA   2496 2497   30.93   40.80                  138.80
   16  13603 426I 427H C   N    3427 3429  -62.75  -63.20    2.99    0.35 -125.60 -173.17    8.10
   16        427H 427H N   CA   3429 3430  -45.26  -42.30                  138.80
   17  13610 433M 434F C   N    3486 3488  -87.12  -63.20   57.08    6.60  -63.20   57.08    6.60
   17        434F 434F N   CA   3488 3489    7.52  -44.30                  -44.30
   18  13626 449K 450Q C   N    3613 3615  -76.57  -73.00   10.27    0.61  -63.80  169.85   25.65
   18        450Q 450Q N   CA   3615 3616  150.33  140.70                  -40.30
   19  13627 450Q 451G C   N    3622 3624   83.36   78.70   12.23    0.19   82.20  174.09    8.51
   19        451G 451G N   CA   3624 3625 -177.41 -166.10                    8.50
   20  13628 453W 454G C   N    3648 3650 -148.53 -167.20   38.60    1.15   82.20 -175.02   14.16
   20        454G 454G N   CA   3650 3651  140.82  174.60                    8.50
   21  13629 454G 455G C   N    3652 3654 -104.79  -80.20   45.34    2.94   82.20 -145.08   16.77
   21        455G 455G N   CA   3654 3655  136.00  174.10                    8.50
   22  13630 455G 456G C   N    3656 3658 -101.72  -80.20   47.09    1.10   82.20 -127.05    7.92
   22        456G 456G N   CA   3658 3659 -144.02  174.10                    8.50
   23  13631 456G 457G C   N    3660 3662  -95.31  -80.20   21.94    1.54   82.20 -127.80    8.03
   23        457G 457G N   CA   3662 3663  158.19  174.10                    8.50
   24  13632 457G 458G C   N    3664 3666  161.80 -167.20   31.14    0.53   82.20 -173.16   12.72
   24        458G 458G N   CA   3666 3667  177.54  174.60                    8.50
   25  13633 458G 459G C   N    3668 3670 -177.40 -167.20   10.87    0.31   82.20 -169.14   13.69
   25        459G 459G N   CA   3670 3671  170.83  174.60                    8.50
   26  13634 459G 460G C   N    3672 3674 -177.14 -167.20    9.97    0.21   82.20 -166.44   13.84
   26        460G 460G N   CA   3674 3675  173.83  174.60                    8.50
   27  13635 460G 461G C   N    3676 3678 -153.97 -167.20   16.90    0.33   82.20 -161.16   14.85
   27        461G 461G N   CA   3678 3679  164.09  174.60                    8.50
   28  13636 461G 462G C   N    3680 3682 -144.40 -167.20   22.81    0.45   82.20 -146.47   15.96
   28        462G 462G N   CA   3682 3683  175.23  174.60                    8.50
   29  13637 462G 463G C   N    3684 3686 -152.22 -167.20   14.99    0.28   82.20 -152.10   15.42
   29        463G 463G N   CA   3686 3687  174.19  174.60                    8.50
   30  13638 463G 464G C   N    3688 3690 -112.40  -80.20   35.69    2.64   82.20 -136.58   17.27
   30        464G 464G N   CA   3690 3691  158.70  174.10                    8.50
   31  13639 464G 465G C   N    3692 3694 -115.09  -80.20   36.73    2.68   82.20 -135.89   17.27
   31        465G 465G N   CA   3694 3695  162.61  174.10                    8.50
   32  13640 465G 466G C   N    3696 3698 -101.84  -80.20   38.70    2.54   82.20 -139.13   17.22
   32        466G 466G N   CA   3698 3699  142.01  174.10                    8.50
   33  13641 466G 467G C   N    3700 3702 -169.39 -167.20    5.66    0.23   82.20 -166.00   14.12
   33        467G 467G N   CA   3702 3703  169.38  174.60                    8.50
   34  13642 467G 468G C   N    3704 3706  -90.88  -80.20   21.01    0.50   82.20 -112.92   18.92
   34        468G 468G N   CA   3706 3707 -167.81  174.10                    8.50
   35  13643 468G 469G C   N    3708 3710   90.64   78.70   31.13    0.48   82.20  156.87    8.04
   35        469G 469G N   CA   3710 3711  165.15 -166.10                    8.50
   36  13644 469G 470G C   N    3712 3714 -159.51 -167.20   15.29    0.45   82.20 -166.70   14.38
   36        470G 470G N   CA   3714 3715  161.38  174.60                    8.50
   37  13645 470G 471G C   N    3716 3718  -96.36  -80.20   37.81    0.88   82.20 -120.09   18.56
   37        471G 471G N   CA   3718 3719 -151.72  174.10                    8.50


report______> Distribution of short non-bonded contacts:


DISTANCE1:  0.00 2.10 2.20 2.30 2.40 2.50 2.60 2.70 2.80 2.90 3.00 3.10 3.20 3.30 3.40
DISTANCE2:  2.10 2.20 2.30 2.40 2.50 2.60 2.70 2.80 2.90 3.00 3.10 3.20 3.30 3.40 3.50
FREQUENCY:     0    0    0    0    1   15   37  101  186  319  272  404  516  582  602


<< end of ENERGY.
iupac_m_397W> Atoms were not swapped because of the uncertainty of how to handle the H atom.
iupac_m_397W> Atoms were not swapped because of the uncertainty of how to handle the H atom.
iupac_m_397W> Atoms were not swapped because of the uncertainty of how to handle the H atom.
iupac_m_397W> Atoms were not swapped because of the uncertainty of how to handle the H atom.
iupac_m_397W> Atoms were not swapped because of the uncertainty of how to handle the H atom.
iupac_m_397W> Atoms were not swapped because of the uncertainty of how to handle the H atom.
iupac_m_397W> Atoms were not swapped because of the uncertainty of how to handle the H atom.
iupac_m_397W> Atoms were not swapped because of the uncertainty of how to handle the H atom.
iupac_m_397W> Atoms were not swapped because of the uncertainty of how to handle the H atom.
iupac_m_397W> Atoms were not swapped because of the uncertainty of how to handle the H atom.
iupac_m_397W> Atoms were not swapped because of the uncertainty of how to handle the H atom.
iupac_m_397W> Atoms were not swapped because of the uncertainty of how to handle the H atom.
iupac_m_397W> Atoms were not swapped because of the uncertainty of how to handle the H atom.
iupac_m_397W> Atoms were not swapped because of the uncertainty of how to handle the H atom.
iupac_m_397W> Atoms were not swapped because of the uncertainty of how to handle the H atom.
>> Model assessment by DOPE potential
iatmcls_286W> MODEL atom not classified:  VAL:OXT  VAL
iatmcls_286W> MODEL atom not classified:  TRP:OXT  TRP


>> ENERGY; Differences between the model's features and restraints:
Number of all residues in MODEL                   :      472
Number of all, selected real atoms                :     3736    3736
Number of all, selected pseudo atoms              :        0       0
Number of all static, selected restraints         :    45979   45979
COVALENT_CYS                                      :        F
NONBONDED_SEL_ATOMS                               :        1
Number of non-bonded pairs (excluding 1-2,1-3,1-4):   764194
Dynamic pairs routine                             : 1, NATM x NATM double loop
Atomic shift for contacts update (UPDATE_DYNAMIC) :    0.390
LENNARD_JONES_SWITCH                              :    6.500   7.500
COULOMB_JONES_SWITCH                              :    6.500   7.500
RESIDUE_SPAN_RANGE                                :        1    9999
NLOGN_USE                                         :       15
CONTACT_SHELL                                     :   15.000
DYNAMIC_PAIRS,_SPHERE,_COULOMB,_LENNARD,_MODELLER :        T       F       F       F       T
SPHERE_STDV                                       :    0.050
RADII_FACTOR                                      :    0.820
Current energy                                    :      -54371.7383




<< end of ENERGY.
DOPE score               : -54371.738281
>> Model assessment by GA341 potential

Surface library          : /Users/kehuang/miniconda3/lib/modeller-10.4/modlib/surf5.de
Pair library             : /Users/kehuang/miniconda3/lib/modeller-10.4/modlib/pair9.de
Chain identifier         : _
% sequence identity      :    96.231003
Sequence length          :          452
Compactness              :     0.245898
Native energy (pair)     :  -456.468492
Native energy (surface)  :   -31.635980
Native energy (combined) :   -14.458392
Z score (pair)           :   -12.149979
Z score (surface)        :    -9.726183
Z score (combined)       :   -13.947047
GA341 score              :     1.000000



>> ENERGY; Differences between the model's features and restraints:
Number of all residues in MODEL                   :      472
Number of all, selected real atoms                :     3736    3736
Number of all, selected pseudo atoms              :        0       0
Number of all static, selected restraints         :    45979   45979
COVALENT_CYS                                      :        F
NONBONDED_SEL_ATOMS                               :        1
Number of non-bonded pairs (excluding 1-2,1-3,1-4):     7643
Dynamic pairs routine                             : 2, NATM x NATM cell sorting
Atomic shift for contacts update (UPDATE_DYNAMIC) :    0.390
LENNARD_JONES_SWITCH                              :    6.500   7.500
COULOMB_JONES_SWITCH                              :    6.500   7.500
RESIDUE_SPAN_RANGE                                :        0   99999
NLOGN_USE                                         :       15
CONTACT_SHELL                                     :    4.000
DYNAMIC_PAIRS,_SPHERE,_COULOMB,_LENNARD,_MODELLER :        T       T       F       F       F
SPHERE_STDV                                       :    0.050
RADII_FACTOR                                      :    0.820
Current energy                                    :        2526.5552





Summary of the restraint violations: 

   NUM     ... number of restraints.
   NUMVI   ... number of restraints with RVIOL > VIOL_REPORT_CUT[i].
   RVIOL   ... relative difference from the best value.
   NUMVP   ... number of restraints with -Ln(pdf) > VIOL_REPORT_CUT2[i].
   RMS_1   ... RMS(feature, minimally_violated_basis_restraint, NUMB).
   RMS_2   ... RMS(feature, best_value, NUMB).
   MOL.PDF ... scaled contribution to -Ln(Molecular pdf).

 #                     RESTRAINT_GROUP      NUM   NUMVI  NUMVP   RMS_1   RMS_2         MOL.PDF     S_i
------------------------------------------------------------------------------------------------------
 1 Bond length potential              :    3833       0      0   0.006   0.006      37.276       1.000
 2 Bond angle potential               :    5191       0      6   1.878   1.878      358.10       1.000
 3 Stereochemical cosine torsion poten:    2521       0     57  46.407  46.407      837.70       1.000
 4 Stereochemical improper torsion pot:    1632       0      1   1.129   1.129      45.728       1.000
 5 Soft-sphere overlap restraints     :    7643       0      0   0.003   0.003      6.9052       1.000
 6 Lennard-Jones 6-12 potential       :       0       0      0   0.000   0.000      0.0000       1.000
 7 Coulomb point-point electrostatic p:       0       0      0   0.000   0.000      0.0000       1.000
 8 H-bonding potential                :       0       0      0   0.000   0.000      0.0000       1.000
 9 Distance restraints 1 (CA-CA)      :    9374       0      0   0.093   0.093      99.821       1.000
10 Distance restraints 2 (N-O)        :    9207       0      6   0.149   0.149      212.03       1.000
11 Mainchain Phi dihedral restraints  :       0       0      0   0.000   0.000      0.0000       1.000
12 Mainchain Psi dihedral restraints  :       0       0      0   0.000   0.000      0.0000       1.000
13 Mainchain Omega dihedral restraints:     470       0      3   3.842   3.842      78.932       1.000
14 Sidechain Chi_1 dihedral restraints:     395       0      1  46.608  46.608      6.8321       1.000
15 Sidechain Chi_2 dihedral restraints:     298       0      0  63.506  63.506      62.436       1.000
16 Sidechain Chi_3 dihedral restraints:     132       0      1  63.715  63.715      83.462       1.000
17 Sidechain Chi_4 dihedral restraints:      48       0      0  82.178  82.178      34.949       1.000
18 Disulfide distance restraints      :       0       0      0   0.000   0.000      0.0000       1.000
19 Disulfide angle restraints         :       0       0      0   0.000   0.000      0.0000       1.000
20 Disulfide dihedral angle restraints:       0       0      0   0.000   0.000      0.0000       1.000
21 Lower bound distance restraints    :       0       0      0   0.000   0.000      0.0000       1.000
22 Upper bound distance restraints    :       0       0      0   0.000   0.000      0.0000       1.000
23 Distance restraints 3 (SDCH-MNCH)  :    7370       0      0   0.382   0.382      196.11       1.000
24 Sidechain Chi_5 dihedral restraints:       0       0      0   0.000   0.000      0.0000       1.000
25 Phi/Psi pair of dihedral restraints:     468      30     29  21.792  55.472      42.805       1.000
26 Distance restraints 4 (SDCH-SDCH)  :    5040       0      2   0.764   0.764      423.47       1.000
27 Distance restraints 5 (X-Y)        :       0       0      0   0.000   0.000      0.0000       1.000
28 NMR distance restraints 6 (X-Y)    :       0       0      0   0.000   0.000      0.0000       1.000
29 NMR distance restraints 7 (X-Y)    :       0       0      0   0.000   0.000      0.0000       1.000
30 Minimal distance restraints        :       0       0      0   0.000   0.000      0.0000       1.000
31 Non-bonded restraints              :       0       0      0   0.000   0.000      0.0000       1.000
32 Atomic accessibility restraints    :       0       0      0   0.000   0.000      0.0000       1.000
33 Atomic density restraints          :       0       0      0   0.000   0.000      0.0000       1.000
34 Absolute position restraints       :       0       0      0   0.000   0.000      0.0000       1.000
35 Dihedral angle difference restraint:       0       0      0   0.000   0.000      0.0000       1.000
36 GBSA implicit solvent potential    :       0       0      0   0.000   0.000      0.0000       1.000
37 EM density fitting potential       :       0       0      0   0.000   0.000      0.0000       1.000
38 SAXS restraints                    :       0       0      0   0.000   0.000      0.0000       1.000
39 Symmetry restraints                :       0       0      0   0.000   0.000      0.0000       1.000



# Heavy relative violation of each residue is written to: abl+pep.V99990002
# The profile is NOT normalized by the number of restraints.
# The profiles are smoothed over a window of residues:    1
# The sum of all numbers in the file:   38436.8438



List of the violated restraints:
   A restraint is violated when the relative difference
   from the best value (RVIOL) is larger than CUTOFF.

   ICSR   ... index of a restraint in the current set.
   RESNO  ... residue numbers of the first two atoms.
   ATM    ... IUPAC atom names of the first two atoms.
   FEAT   ... the value of the feature in the model.
   restr  ... the mean of the basis restraint with the smallest
              difference from the model (local minimum).
   viol   ... difference from the local minimum.
   rviol  ... relative difference from the local minimum.
   RESTR  ... the best value (global minimum).
   VIOL   ... difference from the best value.
   RVIOL  ... relative difference from the best value.


-------------------------------------------------------------------------------------------------

Feature 25                           : Phi/Psi pair of dihedral restraints     
List of the RVIOL violations larger than   :       6.5000

    #   ICSR  RESNO1/2 ATM1/2   INDATM1/2    FEAT   restr    viol   rviol   RESTR    VIOL   RVIOL
    1  13188  11A  12S C   N      89   91 -139.20  -64.10  105.92    8.60  -64.10  105.92    8.60
    1         12S  12S N   CA     91   92   39.70  -35.00                  -35.00
    2  13197  20T  21K C   N     151  153  -60.18  -62.90   10.81    1.57  -70.20  171.03   12.15
    2         21K  21K N   CA    153  154  -30.33  -40.80                  140.40
    3  13198  21K  22G C   N     160  162  -95.65  -62.40   38.96    5.89   82.20 -179.74   13.04
    3         22G  22G N   CA    162  163  -20.88  -41.20                    8.50
    4  13208  31N  32H C   N     240  242  -56.29  -63.20    8.30    1.02 -125.60 -172.43    8.20
    4         32H  32H N   CA    242  243  -46.90  -42.30                  138.80
    5  13313 136V 137H C   N    1076 1078  -63.02  -63.20    0.29    0.03 -125.60 -170.68    8.19
    5        137H 137H N   CA   1078 1079  -42.53  -42.30                  138.80
    6  13314 137H 138H C   N    1086 1088  -61.81  -63.20    4.69    0.52 -125.60 -174.28    8.06
    6        138H 138H N   CA   1088 1089  -46.78  -42.30                  138.80
    7  13410 233P 234N C   N    1860 1862 -106.96  -63.20   83.27    8.95  -63.20   83.27    8.95
    7        234N 234N N   CA   1862 1863   29.75  -41.10                  -41.10
    8  13474 297I 298H C   N    2386 2388  -74.39  -63.20   12.62    2.17 -125.60 -179.52    7.70
    8        298H 298H N   CA   2388 2389  -48.14  -42.30                  138.80
    9  13476 299R 300N C   N    2407 2409 -147.34 -119.90   89.07    4.58  -63.20  125.69   13.84
    9        300N 300N N   CA   2409 2410   52.27  137.00                  -41.10
   10  13481 304R 305N C   N    2444 2446  -99.43  -63.20   75.72    8.15  -63.20   75.72    8.15
   10        305N 305N N   CA   2446 2447   25.38  -41.10                  -41.10
   11  13488 311N 312H C   N    2494 2496   59.94   56.30   10.53    0.76 -125.60 -154.88    9.01
   11        312H 312H N   CA   2496 2497   30.92   40.80                  138.80
   12  13603 426I 427H C   N    3427 3429  -63.85  -63.20    0.84    0.10 -125.60 -170.24    8.20
   12        427H 427H N   CA   3429 3430  -41.77  -42.30                  138.80
   13  13610 433M 434F C   N    3486 3488  -88.29  -63.20   58.03    6.68  -63.20   58.03    6.68
   13        434F 434F N   CA   3488 3489    8.02  -44.30                  -44.30
   14  13626 449K 450Q C   N    3613 3615 -107.64 -121.10   24.79    1.29  -63.80  165.11   26.62
   14        450Q 450Q N   CA   3615 3616  160.51  139.70                  -40.30
   15  13627 450Q 451G C   N    3622 3624 -130.19 -167.20   37.07    0.75   82.20 -136.31   16.92
   15        451G 451G N   CA   3624 3625  176.57  174.60                    8.50
   16  13628 453W 454G C   N    3648 3650 -167.73 -167.20    5.68    0.22   82.20 -156.01   14.72
   16        454G 454G N   CA   3650 3651 -179.75  174.60                    8.50
   17  13629 454G 455G C   N    3652 3654 -129.80 -167.20   37.44    0.75   82.20 -136.37   16.93
   17        455G 455G N   CA   3654 3655  176.15  174.60                    8.50
   18  13630 455G 456G C   N    3656 3658 -128.74 -167.20   39.57    0.59   82.20 -143.67   16.51
   18        456G 456G N   CA   3658 3659  165.28  174.60                    8.50
   19  13631 456G 457G C   N    3660 3662  -73.96  -80.20   13.86    0.32   82.20 -141.23    6.92
   19        457G 457G N   CA   3662 3663  161.72  174.10                    8.50
   20  13632 457G 458G C   N    3664 3666  125.04   78.70   46.39    2.29   82.20 -178.00    6.70
   20        458G 458G N   CA   3666 3667 -168.39 -166.10                    8.50
   21  13633 458G 459G C   N    3668 3670  -82.82  -80.20    5.28    0.12   82.20 -122.94    7.29
   21        459G 459G N   CA   3670 3671  178.68  174.10                    8.50
   22  13634 459G 460G C   N    3672 3674 -177.19 -167.20   10.02    0.21   82.20 -166.50   13.84
   22        460G 460G N   CA   3674 3675  173.79  174.60                    8.50
   23  13636 461G 462G C   N    3680 3682 -156.03 -167.20   14.90    0.54   82.20 -146.01   15.65
   23        462G 462G N   CA   3682 3683 -175.53  174.60                    8.50
   24  13637 462G 463G C   N    3684 3686 -114.50  -80.20   37.20    2.74   82.20 -137.45   17.18
   24        463G 463G N   CA   3686 3687  159.70  174.10                    8.50
   25  13638 463G 464G C   N    3688 3690 -123.42  -80.20   50.88    3.74   82.20 -152.43   16.05
   25        464G 464G N   CA   3690 3691  147.25  174.10                    8.50
   26  13639 464G 465G C   N    3692 3694  165.68 -167.20   27.75    0.42   82.20 -168.81   13.10
   26        465G 465G N   CA   3694 3695 -179.49  174.60                    8.50
   27  13641 466G 467G C   N    3700 3702 -103.90  -80.20   32.87    1.08   82.20 -115.67    7.70
   27        467G 467G N   CA   3702 3703 -163.13  174.10                    8.50
   28  13642 467G 468G C   N    3704 3706  -98.60  -80.20   43.08    1.01   82.20 -122.78    8.06
   28        468G 468G N   CA   3706 3707 -146.94  174.10                    8.50
   29  13644 469G 470G C   N    3712 3714  -68.25  -80.20   18.54    0.52   82.20 -146.54    6.65
   29        470G 470G N   CA   3714 3715  159.93  174.10                    8.50
   30  13645 470G 471G C   N    3716 3718  -79.84  -80.20    6.08    0.22   82.20 -132.61    7.17
   30        471G 471G N   CA   3718 3719  168.03  174.10                    8.50


report______> Distribution of short non-bonded contacts:


DISTANCE1:  0.00 2.10 2.20 2.30 2.40 2.50 2.60 2.70 2.80 2.90 3.00 3.10 3.20 3.30 3.40
DISTANCE2:  2.10 2.20 2.30 2.40 2.50 2.60 2.70 2.80 2.90 3.00 3.10 3.20 3.30 3.40 3.50
FREQUENCY:     0    0    0    0    2   13   34  108  181  317  294  388  523  586  620


<< end of ENERGY.
iupac_m_397W> Atoms were not swapped because of the uncertainty of how to handle the H atom.
iupac_m_397W> Atoms were not swapped because of the uncertainty of how to handle the H atom.
iupac_m_397W> Atoms were not swapped because of the uncertainty of how to handle the H atom.
iupac_m_397W> Atoms were not swapped because of the uncertainty of how to handle the H atom.
iupac_m_397W> Atoms were not swapped because of the uncertainty of how to handle the H atom.
iupac_m_397W> Atoms were not swapped because of the uncertainty of how to handle the H atom.
iupac_m_397W> Atoms were not swapped because of the uncertainty of how to handle the H atom.
iupac_m_397W> Atoms were not swapped because of the uncertainty of how to handle the H atom.
iupac_m_397W> Atoms were not swapped because of the uncertainty of how to handle the H atom.
iupac_m_397W> Atoms were not swapped because of the uncertainty of how to handle the H atom.
iupac_m_397W> Atoms were not swapped because of the uncertainty of how to handle the H atom.
iupac_m_397W> Atoms were not swapped because of the uncertainty of how to handle the H atom.
iupac_m_397W> Atoms were not swapped because of the uncertainty of how to handle the H atom.
iupac_m_397W> Atoms were not swapped because of the uncertainty of how to handle the H atom.
iupac_m_397W> Atoms were not swapped because of the uncertainty of how to handle the H atom.
>> Model assessment by DOPE potential
iatmcls_286W> MODEL atom not classified:  VAL:OXT  VAL
iatmcls_286W> MODEL atom not classified:  TRP:OXT  TRP


>> ENERGY; Differences between the model's features and restraints:
Number of all residues in MODEL                   :      472
Number of all, selected real atoms                :     3736    3736
Number of all, selected pseudo atoms              :        0       0
Number of all static, selected restraints         :    45979   45979
COVALENT_CYS                                      :        F
NONBONDED_SEL_ATOMS                               :        1
Number of non-bonded pairs (excluding 1-2,1-3,1-4):   760790
Dynamic pairs routine                             : 1, NATM x NATM double loop
Atomic shift for contacts update (UPDATE_DYNAMIC) :    0.390
LENNARD_JONES_SWITCH                              :    6.500   7.500
COULOMB_JONES_SWITCH                              :    6.500   7.500
RESIDUE_SPAN_RANGE                                :        1    9999
NLOGN_USE                                         :       15
CONTACT_SHELL                                     :   15.000
DYNAMIC_PAIRS,_SPHERE,_COULOMB,_LENNARD,_MODELLER :        T       F       F       F       T
SPHERE_STDV                                       :    0.050
RADII_FACTOR                                      :    0.820
Current energy                                    :      -54305.1562




<< end of ENERGY.
DOPE score               : -54305.156250
>> Model assessment by GA341 potential

Surface library          : /Users/kehuang/miniconda3/lib/modeller-10.4/modlib/surf5.de
Pair library             : /Users/kehuang/miniconda3/lib/modeller-10.4/modlib/pair9.de
Chain identifier         : _
% sequence identity      :    96.231003
Sequence length          :          452
Compactness              :     0.243310
Native energy (pair)     :  -458.224650
Native energy (surface)  :   -29.834651
Native energy (combined) :   -13.827429
Z score (pair)           :   -11.680314
Z score (surface)        :    -9.377675
Z score (combined)       :   -13.324231
GA341 score              :     1.000000



>> ENERGY; Differences between the model's features and restraints:
Number of all residues in MODEL                   :      472
Number of all, selected real atoms                :     3736    3736
Number of all, selected pseudo atoms              :        0       0
Number of all static, selected restraints         :    45979   45979
COVALENT_CYS                                      :        F
NONBONDED_SEL_ATOMS                               :        1
Number of non-bonded pairs (excluding 1-2,1-3,1-4):     7709
Dynamic pairs routine                             : 2, NATM x NATM cell sorting
Atomic shift for contacts update (UPDATE_DYNAMIC) :    0.390
LENNARD_JONES_SWITCH                              :    6.500   7.500
COULOMB_JONES_SWITCH                              :    6.500   7.500
RESIDUE_SPAN_RANGE                                :        0   99999
NLOGN_USE                                         :       15
CONTACT_SHELL                                     :    4.000
DYNAMIC_PAIRS,_SPHERE,_COULOMB,_LENNARD,_MODELLER :        T       T       F       F       F
SPHERE_STDV                                       :    0.050
RADII_FACTOR                                      :    0.820
Current energy                                    :        2405.4680





Summary of the restraint violations: 

   NUM     ... number of restraints.
   NUMVI   ... number of restraints with RVIOL > VIOL_REPORT_CUT[i].
   RVIOL   ... relative difference from the best value.
   NUMVP   ... number of restraints with -Ln(pdf) > VIOL_REPORT_CUT2[i].
   RMS_1   ... RMS(feature, minimally_violated_basis_restraint, NUMB).
   RMS_2   ... RMS(feature, best_value, NUMB).
   MOL.PDF ... scaled contribution to -Ln(Molecular pdf).

 #                     RESTRAINT_GROUP      NUM   NUMVI  NUMVP   RMS_1   RMS_2         MOL.PDF     S_i
------------------------------------------------------------------------------------------------------
 1 Bond length potential              :    3833       0      0   0.006   0.006      35.241       1.000
 2 Bond angle potential               :    5191       0      9   1.844   1.844      347.06       1.000
 3 Stereochemical cosine torsion poten:    2521       0     52  46.244  46.244      832.02       1.000
 4 Stereochemical improper torsion pot:    1632       0      0   1.082   1.082      40.828       1.000
 5 Soft-sphere overlap restraints     :    7709       0      1   0.003   0.003      7.2117       1.000
 6 Lennard-Jones 6-12 potential       :       0       0      0   0.000   0.000      0.0000       1.000
 7 Coulomb point-point electrostatic p:       0       0      0   0.000   0.000      0.0000       1.000
 8 H-bonding potential                :       0       0      0   0.000   0.000      0.0000       1.000
 9 Distance restraints 1 (CA-CA)      :    9374       0      0   0.091   0.091      95.471       1.000
10 Distance restraints 2 (N-O)        :    9207       2     13   0.164   0.164      247.36       1.000
11 Mainchain Phi dihedral restraints  :       0       0      0   0.000   0.000      0.0000       1.000
12 Mainchain Psi dihedral restraints  :       0       0      0   0.000   0.000      0.0000       1.000
13 Mainchain Omega dihedral restraints:     470       0      3   3.746   3.746      74.857       1.000
14 Sidechain Chi_1 dihedral restraints:     395       0      2  46.471  46.471      2.0596       1.000
15 Sidechain Chi_2 dihedral restraints:     298       0      0  62.210  62.210      50.626       1.000
16 Sidechain Chi_3 dihedral restraints:     132       0      0  54.386  54.386      75.016       1.000
17 Sidechain Chi_4 dihedral restraints:      48       0      0  83.099  83.099      31.249       1.000
18 Disulfide distance restraints      :       0       0      0   0.000   0.000      0.0000       1.000
19 Disulfide angle restraints         :       0       0      0   0.000   0.000      0.0000       1.000
20 Disulfide dihedral angle restraints:       0       0      0   0.000   0.000      0.0000       1.000
21 Lower bound distance restraints    :       0       0      0   0.000   0.000      0.0000       1.000
22 Upper bound distance restraints    :       0       0      0   0.000   0.000      0.0000       1.000
23 Distance restraints 3 (SDCH-MNCH)  :    7370       0      0   0.365   0.365      173.71       1.000
24 Sidechain Chi_5 dihedral restraints:       0       0      0   0.000   0.000      0.0000       1.000
25 Phi/Psi pair of dihedral restraints:     468      31     28  20.844  52.651      29.648       1.000
26 Distance restraints 4 (SDCH-SDCH)  :    5040       0      0   0.723   0.723      363.11       1.000
27 Distance restraints 5 (X-Y)        :       0       0      0   0.000   0.000      0.0000       1.000
28 NMR distance restraints 6 (X-Y)    :       0       0      0   0.000   0.000      0.0000       1.000
29 NMR distance restraints 7 (X-Y)    :       0       0      0   0.000   0.000      0.0000       1.000
30 Minimal distance restraints        :       0       0      0   0.000   0.000      0.0000       1.000
31 Non-bonded restraints              :       0       0      0   0.000   0.000      0.0000       1.000
32 Atomic accessibility restraints    :       0       0      0   0.000   0.000      0.0000       1.000
33 Atomic density restraints          :       0       0      0   0.000   0.000      0.0000       1.000
34 Absolute position restraints       :       0       0      0   0.000   0.000      0.0000       1.000
35 Dihedral angle difference restraint:       0       0      0   0.000   0.000      0.0000       1.000
36 GBSA implicit solvent potential    :       0       0      0   0.000   0.000      0.0000       1.000
37 EM density fitting potential       :       0       0      0   0.000   0.000      0.0000       1.000
38 SAXS restraints                    :       0       0      0   0.000   0.000      0.0000       1.000
39 Symmetry restraints                :       0       0      0   0.000   0.000      0.0000       1.000



# Heavy relative violation of each residue is written to: abl+pep.V99990003
# The profile is NOT normalized by the number of restraints.
# The profiles are smoothed over a window of residues:    1
# The sum of all numbers in the file:   37022.4648



List of the violated restraints:
   A restraint is violated when the relative difference
   from the best value (RVIOL) is larger than CUTOFF.

   ICSR   ... index of a restraint in the current set.
   RESNO  ... residue numbers of the first two atoms.
   ATM    ... IUPAC atom names of the first two atoms.
   FEAT   ... the value of the feature in the model.
   restr  ... the mean of the basis restraint with the smallest
              difference from the model (local minimum).
   viol   ... difference from the local minimum.
   rviol  ... relative difference from the local minimum.
   RESTR  ... the best value (global minimum).
   VIOL   ... difference from the best value.
   RVIOL  ... relative difference from the best value.


-------------------------------------------------------------------------------------------------

Feature 25                           : Phi/Psi pair of dihedral restraints     
List of the RVIOL violations larger than   :       6.5000

    #   ICSR  RESNO1/2 ATM1/2   INDATM1/2    FEAT   restr    viol   rviol   RESTR    VIOL   RVIOL
    1  13208  31N  32H C   N     240  242  -56.83  -63.20    8.09    0.96 -125.60 -172.99    8.17
    1         32H  32H N   CA    242  243  -47.29  -42.30                  138.80
    2  13313 136V 137H C   N    1076 1078  -63.72  -63.20    0.63    0.08 -125.60 -170.36    8.19
    2        137H 137H N   CA   1078 1079  -41.94  -42.30                  138.80
    3  13314 137H 138H C   N    1086 1088  -61.36  -63.20    5.00    0.54 -125.60 -174.29    8.07
    3        138H 138H N   CA   1088 1089  -46.95  -42.30                  138.80
    4  13327 150L 151H C   N    1181 1183 -114.75  -63.20   52.97    8.89 -125.60  167.07    6.55
    4        151H 151H N   CA   1183 1184  -54.48  -42.30                  138.80
    5  13410 233P 234N C   N    1860 1862 -107.64  -63.20   83.42    8.97  -63.20   83.42    8.97
    5        234N 234N N   CA   1862 1863   29.50  -41.10                  -41.10
    6  13474 297I 298H C   N    2386 2388  -74.12  -63.20   12.12    2.08 -125.60 -178.89    7.73
    6        298H 298H N   CA   2388 2389  -47.56  -42.30                  138.80
    7  13476 299R 300N C   N    2407 2409 -147.54 -119.90   83.85    4.34  -63.20  130.01   14.23
    7        300N 300N N   CA   2409 2410   57.84  137.00                  -41.10
    8  13481 304R 305N C   N    2444 2446 -100.97  -63.20   78.30    8.42  -63.20   78.30    8.42
    8        305N 305N N   CA   2446 2447   27.49  -41.10                  -41.10
    9  13488 311N 312H C   N    2494 2496   59.10   56.30    9.73    0.70 -125.60 -154.46    9.02
    9        312H 312H N   CA   2496 2497   31.49   40.80                  138.80
   10  13552 375S 376P C   N    2997 2999  -54.54  -58.70   25.62    1.80  -64.50  157.34   12.27
   10        376P 376P N   CA   2999 3000  -55.78  -30.50                  147.20
   11  13553 376P 377Y C   N    3004 3006 -109.45  -98.40   31.61    3.13   55.90  175.66   16.14
   11        377Y 377Y N   CA   3006 3007   98.78  128.40                   39.50
   12  13554 377Y 378P C   N    3016 3018  -43.11  -58.70   45.32    2.74  -64.50  141.38   11.71
   12        378P 378P N   CA   3018 3019  -73.05  -30.50                  147.20
   13  13555 378P 379G C   N    3023 3025  -72.49  -62.40   15.03    2.10   82.20  159.43   11.85
   13        379G 379G N   CA   3025 3026  -30.06  -41.20                    8.50
   14  13603 426I 427H C   N    3427 3429  -63.08  -63.20    0.80    0.09 -125.60 -171.24    8.17
   14        427H 427H N   CA   3429 3430  -43.10  -42.30                  138.80
   15  13610 433M 434F C   N    3486 3488  -87.91  -63.20   58.76    6.79  -63.20   58.76    6.79
   15        434F 434F N   CA   3488 3489    9.02  -44.30                  -44.30
   16  13627 450Q 451G C   N    3622 3624   60.49   78.70   34.21    0.54   82.20  147.26    8.22
   16        451G 451G N   CA   3624 3625 -137.14 -166.10                    8.50
   17  13628 453W 454G C   N    3648 3650   80.57   78.70    5.16    0.22   82.20  169.80    8.33
   17        454G 454G N   CA   3650 3651 -161.29 -166.10                    8.50
   18  13630 455G 456G C   N    3656 3658  138.12 -167.20   54.84    0.95   82.20  179.22   11.36
   18        456G 456G N   CA   3658 3659  178.78  174.60                    8.50
   19  13631 456G 457G C   N    3660 3662  171.99 -167.20   21.79    0.32   82.20 -165.48   13.51
   19        457G 457G N   CA   3662 3663 -178.94  174.60                    8.50
   20  13633 458G 459G C   N    3668 3670 -161.77 -167.20    8.35    0.32   82.20 -152.16   15.13
   20        459G 459G N   CA   3670 3671 -179.07  174.60                    8.50
   21  13634 459G 460G C   N    3672 3674 -151.58 -167.20   19.13    0.35   82.20 -160.08   14.98
   21        460G 460G N   CA   3674 3675  163.55  174.60                    8.50
   22  13635 460G 461G C   N    3676 3678   90.50   78.70   28.75    0.43   82.20  159.40    8.16
   22        461G 461G N   CA   3678 3679  167.68 -166.10                    8.50
   23  13636 461G 462G C   N    3680 3682 -150.65 -167.20   16.65    0.28   82.20 -152.28   15.45
   23        462G 462G N   CA   3682 3683  172.76  174.60                    8.50
   24  13637 462G 463G C   N    3684 3686  -72.29  -80.20   23.15    0.57   82.20 -148.91    6.88
   24        463G 463G N   CA   3686 3687  152.34  174.10                    8.50
   25  13638 463G 464G C   N    3688 3690 -171.81 -167.20   35.50    1.43   82.20  168.43   12.61
   25        464G 464G N   CA   3690 3691  139.40  174.60                    8.50
   26  13639 464G 465G C   N    3692 3694  -93.18  -80.20   21.47    0.57   82.20 -110.61   19.11
   26        465G 465G N   CA   3694 3695 -168.79  174.10                    8.50
   27  13640 465G 466G C   N    3696 3698  163.26 -167.20   30.50    0.45   82.20 -168.30   13.03
   27        466G 466G N   CA   3698 3699 -177.78  174.60                    8.50
   28  13641 466G 467G C   N    3700 3702 -143.82 -167.20   23.65    0.38   82.20 -149.36   15.81
   28        467G 467G N   CA   3702 3703  171.04  174.60                    8.50
   29  13643 468G 469G C   N    3708 3710 -153.71 -167.20   14.31    0.21   82.20 -156.47   15.13
   29        469G 469G N   CA   3710 3711  169.83  174.60                    8.50
   30  13644 469G 470G C   N    3712 3714  160.53 -167.20   32.37    0.56   82.20 -174.07   12.63
   30        470G 470G N   CA   3714 3715  177.13  174.60                    8.50
   31  13645 470G 471G C   N    3716 3718  178.37 -167.20   14.52    0.32   82.20 -169.51   13.52
   31        471G 471G N   CA   3718 3719  172.94  174.60                    8.50


report______> Distribution of short non-bonded contacts:


DISTANCE1:  0.00 2.10 2.20 2.30 2.40 2.50 2.60 2.70 2.80 2.90 3.00 3.10 3.20 3.30 3.40
DISTANCE2:  2.10 2.20 2.30 2.40 2.50 2.60 2.70 2.80 2.90 3.00 3.10 3.20 3.30 3.40 3.50
FREQUENCY:     0    0    0    0    1   17   26  121  187  296  274  379  528  590  617


<< end of ENERGY.
iupac_m_397W> Atoms were not swapped because of the uncertainty of how to handle the H atom.
iupac_m_397W> Atoms were not swapped because of the uncertainty of how to handle the H atom.
iupac_m_397W> Atoms were not swapped because of the uncertainty of how to handle the H atom.
iupac_m_397W> Atoms were not swapped because of the uncertainty of how to handle the H atom.
iupac_m_397W> Atoms were not swapped because of the uncertainty of how to handle the H atom.
iupac_m_397W> Atoms were not swapped because of the uncertainty of how to handle the H atom.
iupac_m_397W> Atoms were not swapped because of the uncertainty of how to handle the H atom.
iupac_m_397W> Atoms were not swapped because of the uncertainty of how to handle the H atom.
iupac_m_397W> Atoms were not swapped because of the uncertainty of how to handle the H atom.
iupac_m_397W> Atoms were not swapped because of the uncertainty of how to handle the H atom.
iupac_m_397W> Atoms were not swapped because of the uncertainty of how to handle the H atom.
iupac_m_397W> Atoms were not swapped because of the uncertainty of how to handle the H atom.
iupac_m_397W> Atoms were not swapped because of the uncertainty of how to handle the H atom.
iupac_m_397W> Atoms were not swapped because of the uncertainty of how to handle the H atom.
iupac_m_397W> Atoms were not swapped because of the uncertainty of how to handle the H atom.
iupac_m_397W> Atoms were not swapped because of the uncertainty of how to handle the H atom.
iupac_m_397W> Atoms were not swapped because of the uncertainty of how to handle the H atom.
>> Model assessment by DOPE potential
iatmcls_286W> MODEL atom not classified:  VAL:OXT  VAL
iatmcls_286W> MODEL atom not classified:  TRP:OXT  TRP


>> ENERGY; Differences between the model's features and restraints:
Number of all residues in MODEL                   :      472
Number of all, selected real atoms                :     3736    3736
Number of all, selected pseudo atoms              :        0       0
Number of all static, selected restraints         :    45979   45979
COVALENT_CYS                                      :        F
NONBONDED_SEL_ATOMS                               :        1
Number of non-bonded pairs (excluding 1-2,1-3,1-4):   765876
Dynamic pairs routine                             : 1, NATM x NATM double loop
Atomic shift for contacts update (UPDATE_DYNAMIC) :    0.390
LENNARD_JONES_SWITCH                              :    6.500   7.500
COULOMB_JONES_SWITCH                              :    6.500   7.500
RESIDUE_SPAN_RANGE                                :        1    9999
NLOGN_USE                                         :       15
CONTACT_SHELL                                     :   15.000
DYNAMIC_PAIRS,_SPHERE,_COULOMB,_LENNARD,_MODELLER :        T       F       F       F       T
SPHERE_STDV                                       :    0.050
RADII_FACTOR                                      :    0.820
Current energy                                    :      -54719.1797




<< end of ENERGY.
DOPE score               : -54719.179688
>> Model assessment by GA341 potential

Surface library          : /Users/kehuang/miniconda3/lib/modeller-10.4/modlib/surf5.de
Pair library             : /Users/kehuang/miniconda3/lib/modeller-10.4/modlib/pair9.de
Chain identifier         : _
% sequence identity      :    96.231003
Sequence length          :          452
Compactness              :     0.245151
Native energy (pair)     :  -443.848136
Native energy (surface)  :   -29.387461
Native energy (combined) :   -13.614024
Z score (pair)           :   -11.672603
Z score (surface)        :    -9.401824
Z score (combined)       :   -13.321551
GA341 score              :     1.000000



>> ENERGY; Differences between the model's features and restraints:
Number of all residues in MODEL                   :      472
Number of all, selected real atoms                :     3736    3736
Number of all, selected pseudo atoms              :        0       0
Number of all static, selected restraints         :    45979   45979
COVALENT_CYS                                      :        F
NONBONDED_SEL_ATOMS                               :        1
Number of non-bonded pairs (excluding 1-2,1-3,1-4):     7624
Dynamic pairs routine                             : 2, NATM x NATM cell sorting
Atomic shift for contacts update (UPDATE_DYNAMIC) :    0.390
LENNARD_JONES_SWITCH                              :    6.500   7.500
COULOMB_JONES_SWITCH                              :    6.500   7.500
RESIDUE_SPAN_RANGE                                :        0   99999
NLOGN_USE                                         :       15
CONTACT_SHELL                                     :    4.000
DYNAMIC_PAIRS,_SPHERE,_COULOMB,_LENNARD,_MODELLER :        T       T       F       F       F
SPHERE_STDV                                       :    0.050
RADII_FACTOR                                      :    0.820
Current energy                                    :        2583.5732





Summary of the restraint violations: 

   NUM     ... number of restraints.
   NUMVI   ... number of restraints with RVIOL > VIOL_REPORT_CUT[i].
   RVIOL   ... relative difference from the best value.
   NUMVP   ... number of restraints with -Ln(pdf) > VIOL_REPORT_CUT2[i].
   RMS_1   ... RMS(feature, minimally_violated_basis_restraint, NUMB).
   RMS_2   ... RMS(feature, best_value, NUMB).
   MOL.PDF ... scaled contribution to -Ln(Molecular pdf).

 #                     RESTRAINT_GROUP      NUM   NUMVI  NUMVP   RMS_1   RMS_2         MOL.PDF     S_i
------------------------------------------------------------------------------------------------------
 1 Bond length potential              :    3833       0      0   0.006   0.006      35.736       1.000
 2 Bond angle potential               :    5191       0      3   1.849   1.849      347.69       1.000
 3 Stereochemical cosine torsion poten:    2521       0     56  46.303  46.303      831.77       1.000
 4 Stereochemical improper torsion pot:    1632       0      0   1.110   1.110      44.039       1.000
 5 Soft-sphere overlap restraints     :    7624       0      0   0.002   0.002      4.8749       1.000
 6 Lennard-Jones 6-12 potential       :       0       0      0   0.000   0.000      0.0000       1.000
 7 Coulomb point-point electrostatic p:       0       0      0   0.000   0.000      0.0000       1.000
 8 H-bonding potential                :       0       0      0   0.000   0.000      0.0000       1.000
 9 Distance restraints 1 (CA-CA)      :    9374       0      0   0.099   0.099      112.01       1.000
10 Distance restraints 2 (N-O)        :    9207       2      9   0.161   0.161      241.79       1.000
11 Mainchain Phi dihedral restraints  :       0       0      0   0.000   0.000      0.0000       1.000
12 Mainchain Psi dihedral restraints  :       0       0      0   0.000   0.000      0.0000       1.000
13 Mainchain Omega dihedral restraints:     470       0      5   3.927   3.927      82.635       1.000
14 Sidechain Chi_1 dihedral restraints:     395       0      2  47.545  47.545      8.4023       1.000
15 Sidechain Chi_2 dihedral restraints:     298       0      1  68.689  68.689      83.006       1.000
16 Sidechain Chi_3 dihedral restraints:     132       0      0  59.397  59.397      82.245       1.000
17 Sidechain Chi_4 dihedral restraints:      48       0      0 100.403 100.403      34.828       1.000
18 Disulfide distance restraints      :       0       0      0   0.000   0.000      0.0000       1.000
19 Disulfide angle restraints         :       0       0      0   0.000   0.000      0.0000       1.000
20 Disulfide dihedral angle restraints:       0       0      0   0.000   0.000      0.0000       1.000
21 Lower bound distance restraints    :       0       0      0   0.000   0.000      0.0000       1.000
22 Upper bound distance restraints    :       0       0      0   0.000   0.000      0.0000       1.000
23 Distance restraints 3 (SDCH-MNCH)  :    7370       0      0   0.362   0.362      179.31       1.000
24 Sidechain Chi_5 dihedral restraints:       0       0      0   0.000   0.000      0.0000       1.000
25 Phi/Psi pair of dihedral restraints:     468      32     32  22.664  53.652      62.771       1.000
26 Distance restraints 4 (SDCH-SDCH)  :    5040       0      9   0.770   0.770      432.45       1.000
27 Distance restraints 5 (X-Y)        :       0       0      0   0.000   0.000      0.0000       1.000
28 NMR distance restraints 6 (X-Y)    :       0       0      0   0.000   0.000      0.0000       1.000
29 NMR distance restraints 7 (X-Y)    :       0       0      0   0.000   0.000      0.0000       1.000
30 Minimal distance restraints        :       0       0      0   0.000   0.000      0.0000       1.000
31 Non-bonded restraints              :       0       0      0   0.000   0.000      0.0000       1.000
32 Atomic accessibility restraints    :       0       0      0   0.000   0.000      0.0000       1.000
33 Atomic density restraints          :       0       0      0   0.000   0.000      0.0000       1.000
34 Absolute position restraints       :       0       0      0   0.000   0.000      0.0000       1.000
35 Dihedral angle difference restraint:       0       0      0   0.000   0.000      0.0000       1.000
36 GBSA implicit solvent potential    :       0       0      0   0.000   0.000      0.0000       1.000
37 EM density fitting potential       :       0       0      0   0.000   0.000      0.0000       1.000
38 SAXS restraints                    :       0       0      0   0.000   0.000      0.0000       1.000
39 Symmetry restraints                :       0       0      0   0.000   0.000      0.0000       1.000



# Heavy relative violation of each residue is written to: abl+pep.V99990004
# The profile is NOT normalized by the number of restraints.
# The profiles are smoothed over a window of residues:    1
# The sum of all numbers in the file:   39334.9023



List of the violated restraints:
   A restraint is violated when the relative difference
   from the best value (RVIOL) is larger than CUTOFF.

   ICSR   ... index of a restraint in the current set.
   RESNO  ... residue numbers of the first two atoms.
   ATM    ... IUPAC atom names of the first two atoms.
   FEAT   ... the value of the feature in the model.
   restr  ... the mean of the basis restraint with the smallest
              difference from the model (local minimum).
   viol   ... difference from the local minimum.
   rviol  ... relative difference from the local minimum.
   RESTR  ... the best value (global minimum).
   VIOL   ... difference from the best value.
   RVIOL  ... relative difference from the best value.


-------------------------------------------------------------------------------------------------

Feature 10                           : Distance restraints 2 (N-O)             
List of the RVIOL violations larger than   :       4.5000

    #   ICSR  RESNO1/2 ATM1/2   INDATM1/2    FEAT   restr    viol   rviol   RESTR    VIOL   RVIOL
    1  32166 372Y 399E N   O    2969 3204   11.10    8.24    2.87    5.28    8.24    2.87    5.28
    2  32192 373G 399E N   O    2981 3204   13.62   10.95    2.67    4.58   10.95    2.67    4.58

-------------------------------------------------------------------------------------------------

Feature 25                           : Phi/Psi pair of dihedral restraints     
List of the RVIOL violations larger than   :       6.5000

    #   ICSR  RESNO1/2 ATM1/2   INDATM1/2    FEAT   restr    viol   rviol   RESTR    VIOL   RVIOL
    1  13208  31N  32H C   N     240  242  -56.31  -63.20    8.83    1.04 -125.60 -173.29    8.16
    1         32H  32H N   CA    242  243  -47.83  -42.30                  138.80
    2  13313 136V 137H C   N    1076 1078  -63.88  -63.20    1.00    0.11 -125.60 -170.07    8.20
    2        137H 137H N   CA   1078 1079  -41.57  -42.30                  138.80
    3  13314 137H 138H C   N    1086 1088  -61.10  -63.20    5.93    0.64 -125.60 -175.04    8.04
    3        138H 138H N   CA   1088 1089  -47.85  -42.30                  138.80
    4  13327 150L 151H C   N    1181 1183 -114.09  -63.20   52.48    8.83 -125.60  166.46    6.54
    4        151H 151H N   CA   1183 1184  -55.14  -42.30                  138.80
    5  13410 233P 234N C   N    1860 1862 -107.04  -63.20   83.32    8.96  -63.20   83.32    8.96
    5        234N 234N N   CA   1862 1863   29.75  -41.10                  -41.10
    6  13474 297I 298H C   N    2386 2388  -74.28  -63.20   12.16    2.08 -125.60 -178.70    7.73
    6        298H 298H N   CA   2388 2389  -47.31  -42.30                  138.80
    7  13476 299R 300N C   N    2407 2409 -146.48 -119.90   87.86    4.51  -63.20  125.85   13.82
    7        300N 300N N   CA   2409 2410   53.25  137.00                  -41.10
    8  13481 304R 305N C   N    2444 2446 -100.14  -63.20   76.16    8.19  -63.20   76.16    8.19
    8        305N 305N N   CA   2446 2447   25.50  -41.10                  -41.10
    9  13488 311N 312H C   N    2494 2496   59.84   56.30   10.36    0.74 -125.60 -154.87    9.01
    9        312H 312H N   CA   2496 2497   31.07   40.80                  138.80
   10  13510 333H 334A C   N    2664 2666  -79.55  -68.20  144.63   12.06  -68.20  144.63   12.06
   10        334A 334A N   CA   2666 2667    1.11  145.30                  145.30
   11  13511 334A 335G C   N    2669 2671  -81.42  -62.40   20.99    3.30   82.20  168.64   12.54
   11        335G 335G N   CA   2671 2672  -32.33  -41.20                    8.50
   12  13575 398P 399E C   N    3194 3196  -53.08  -63.60   42.62    5.18  -69.30  136.87   11.00
   12        399E 399E N   CA   3196 3197  -81.60  -40.30                  142.50
   13  13576 399E 400G C   N    3203 3205  -67.82  -62.40   34.12    4.86   82.20  150.87   10.66
   13        400G 400G N   CA   3205 3206   -7.51  -41.20                    8.50
   14  13603 426I 427H C   N    3427 3429  -62.16  -63.20    2.83    0.30 -125.60 -172.66    8.12
   14        427H 427H N   CA   3429 3430  -44.93  -42.30                  138.80
   15  13610 433M 434F C   N    3486 3488  -87.56  -63.20   59.03    6.84  -63.20   59.03    6.84
   15        434F 434F N   CA   3488 3489    9.46  -44.30                  -44.30
   16  13626 449K 450Q C   N    3613 3615  -65.05  -73.00   21.01    1.53  -63.80  159.55   23.53
   16        450Q 450Q N   CA   3615 3616  160.15  140.70                  -40.30
   17  13627 450Q 451G C   N    3622 3624  178.92 -167.20   23.84    0.94   82.20  175.72   12.74
   17        451G 451G N   CA   3624 3625  155.22  174.60                    8.50
   18  13628 453W 454G C   N    3648 3650  102.36   78.70   49.82    0.74   82.20  142.99    7.94
   18        454G 454G N   CA   3650 3651  150.06 -166.10                    8.50
   19  13630 455G 456G C   N    3656 3658  -84.70  -80.20   12.40    0.30   82.20 -116.61    7.38
   19        456G 456G N   CA   3658 3659 -174.35  174.10                    8.50
   20  13631 456G 457G C   N    3660 3662  142.08 -167.20   50.83    0.89   82.20  179.69   11.56
   20        457G 457G N   CA   3662 3663  177.92  174.60                    8.50
   21  13632 457G 458G C   N    3664 3666  -95.03  -80.20   34.71    0.81   82.20 -119.20   18.59
   21        458G 458G N   CA   3666 3667 -154.52  174.10                    8.50
   22  13633 458G 459G C   N    3668 3670 -129.00 -167.20   41.64    0.62   82.20 -149.06   16.17
   22        459G 459G N   CA   3670 3671  158.02  174.60                    8.50
   23  13634 459G 460G C   N    3672 3674 -108.81  -80.20   45.11    3.08   82.20 -146.36   16.65
   23        460G 460G N   CA   3674 3675  139.21  174.10                    8.50
   24  13635 460G 461G C   N    3676 3678 -163.01 -167.20    4.38    0.12   82.20 -157.05   14.82
   24        461G 461G N   CA   3678 3679  175.87  174.60                    8.50
   25  13636 461G 462G C   N    3680 3682   98.76   78.70   45.19    0.67   82.20  145.85    7.90
   25        462G 462G N   CA   3682 3683  153.41 -166.10                    8.50
   26  13637 462G 463G C   N    3684 3686  100.86   78.70   61.40    0.97   82.20  129.49    7.21
   26        463G 463G N   CA   3686 3687  136.64 -166.10                    8.50
   27  13638 463G 464G C   N    3688 3690 -104.59  -80.20   48.53    1.15   82.20 -129.26    7.77
   27        464G 464G N   CA   3690 3691 -143.95  174.10                    8.50
   28  13639 464G 465G C   N    3692 3694 -114.75  -80.20   43.50    3.16   82.20 -145.64   16.63
   28        465G 465G N   CA   3694 3695  147.67  174.10                    8.50
   29  13640 465G 466G C   N    3696 3698 -152.96 -167.20   18.12    0.35   82.20 -161.06   14.88
   29        466G 466G N   CA   3698 3699  163.39  174.60                    8.50
   30  13642 467G 468G C   N    3704 3706 -177.81 -167.20   10.63    0.22   82.20 -166.65   13.81
   30        468G 468G N   CA   3706 3707  173.99  174.60                    8.50
   31  13643 468G 469G C   N    3708 3710  -83.55  -80.20   25.74    0.85   82.20 -123.37   18.12
   31        469G 469G N   CA   3710 3711 -160.38  174.10                    8.50
   32  13645 470G 471G C   N    3716 3718 -101.45  -80.20   21.97    1.59   82.20 -121.87   18.40
   32        471G 471G N   CA   3718 3719  168.52  174.10                    8.50


report______> Distribution of short non-bonded contacts:


DISTANCE1:  0.00 2.10 2.20 2.30 2.40 2.50 2.60 2.70 2.80 2.90 3.00 3.10 3.20 3.30 3.40
DISTANCE2:  2.10 2.20 2.30 2.40 2.50 2.60 2.70 2.80 2.90 3.00 3.10 3.20 3.30 3.40 3.50
FREQUENCY:     0    0    0    0    0   12   30   91  185  328  283  398  518  585  616


<< end of ENERGY.
iupac_m_397W> Atoms were not swapped because of the uncertainty of how to handle the H atom.
iupac_m_397W> Atoms were not swapped because of the uncertainty of how to handle the H atom.
iupac_m_397W> Atoms were not swapped because of the uncertainty of how to handle the H atom.
iupac_m_397W> Atoms were not swapped because of the uncertainty of how to handle the H atom.
iupac_m_397W> Atoms were not swapped because of the uncertainty of how to handle the H atom.
iupac_m_397W> Atoms were not swapped because of the uncertainty of how to handle the H atom.
iupac_m_397W> Atoms were not swapped because of the uncertainty of how to handle the H atom.
iupac_m_397W> Atoms were not swapped because of the uncertainty of how to handle the H atom.
iupac_m_397W> Atoms were not swapped because of the uncertainty of how to handle the H atom.
iupac_m_397W> Atoms were not swapped because of the uncertainty of how to handle the H atom.
iupac_m_397W> Atoms were not swapped because of the uncertainty of how to handle the H atom.
iupac_m_397W> Atoms were not swapped because of the uncertainty of how to handle the H atom.
iupac_m_397W> Atoms were not swapped because of the uncertainty of how to handle the H atom.
iupac_m_397W> Atoms were not swapped because of the uncertainty of how to handle the H atom.
iupac_m_397W> Atoms were not swapped because of the uncertainty of how to handle the H atom.
iupac_m_397W> Atoms were not swapped because of the uncertainty of how to handle the H atom.
iupac_m_397W> Atoms were not swapped because of the uncertainty of how to handle the H atom.
>> Model assessment by DOPE potential
iatmcls_286W> MODEL atom not classified:  VAL:OXT  VAL
iatmcls_286W> MODEL atom not classified:  TRP:OXT  TRP


>> ENERGY; Differences between the model's features and restraints:
Number of all residues in MODEL                   :      472
Number of all, selected real atoms                :     3736    3736
Number of all, selected pseudo atoms              :        0       0
Number of all static, selected restraints         :    45979   45979
COVALENT_CYS                                      :        F
NONBONDED_SEL_ATOMS                               :        1
Number of non-bonded pairs (excluding 1-2,1-3,1-4):   761336
Dynamic pairs routine                             : 1, NATM x NATM double loop
Atomic shift for contacts update (UPDATE_DYNAMIC) :    0.390
LENNARD_JONES_SWITCH                              :    6.500   7.500
COULOMB_JONES_SWITCH                              :    6.500   7.500
RESIDUE_SPAN_RANGE                                :        1    9999
NLOGN_USE                                         :       15
CONTACT_SHELL                                     :   15.000
DYNAMIC_PAIRS,_SPHERE,_COULOMB,_LENNARD,_MODELLER :        T       F       F       F       T
SPHERE_STDV                                       :    0.050
RADII_FACTOR                                      :    0.820
Current energy                                    :      -54284.1602




<< end of ENERGY.
DOPE score               : -54284.160156
>> Model assessment by GA341 potential

Surface library          : /Users/kehuang/miniconda3/lib/modeller-10.4/modlib/surf5.de
Pair library             : /Users/kehuang/miniconda3/lib/modeller-10.4/modlib/pair9.de
Chain identifier         : _
% sequence identity      :    96.231003
Sequence length          :          452
Compactness              :     0.246177
Native energy (pair)     :  -453.464417
Native energy (surface)  :   -29.297058
Native energy (combined) :   -13.891898
Z score (pair)           :   -12.010235
Z score (surface)        :    -9.349636
Z score (combined)       :   -13.514898
GA341 score              :     1.000000



>> ENERGY; Differences between the model's features and restraints:
Number of all residues in MODEL                   :      472
Number of all, selected real atoms                :     3736    3736
Number of all, selected pseudo atoms              :        0       0
Number of all static, selected restraints         :    45979   45979
COVALENT_CYS                                      :        F
NONBONDED_SEL_ATOMS                               :        1
Number of non-bonded pairs (excluding 1-2,1-3,1-4):     7727
Dynamic pairs routine                             : 2, NATM x NATM cell sorting
Atomic shift for contacts update (UPDATE_DYNAMIC) :    0.390
LENNARD_JONES_SWITCH                              :    6.500   7.500
COULOMB_JONES_SWITCH                              :    6.500   7.500
RESIDUE_SPAN_RANGE                                :        0   99999
NLOGN_USE                                         :       15
CONTACT_SHELL                                     :    4.000
DYNAMIC_PAIRS,_SPHERE,_COULOMB,_LENNARD,_MODELLER :        T       T       F       F       F
SPHERE_STDV                                       :    0.050
RADII_FACTOR                                      :    0.820
Current energy                                    :        2584.3325





Summary of the restraint violations: 

   NUM     ... number of restraints.
   NUMVI   ... number of restraints with RVIOL > VIOL_REPORT_CUT[i].
   RVIOL   ... relative difference from the best value.
   NUMVP   ... number of restraints with -Ln(pdf) > VIOL_REPORT_CUT2[i].
   RMS_1   ... RMS(feature, minimally_violated_basis_restraint, NUMB).
   RMS_2   ... RMS(feature, best_value, NUMB).
   MOL.PDF ... scaled contribution to -Ln(Molecular pdf).

 #                     RESTRAINT_GROUP      NUM   NUMVI  NUMVP   RMS_1   RMS_2         MOL.PDF     S_i
------------------------------------------------------------------------------------------------------
 1 Bond length potential              :    3833       0      0   0.006   0.006      36.562       1.000
 2 Bond angle potential               :    5191       0      5   1.850   1.850      349.39       1.000
 3 Stereochemical cosine torsion poten:    2521       0     59  46.399  46.399      835.82       1.000
 4 Stereochemical improper torsion pot:    1632       0      0   1.178   1.178      48.583       1.000
 5 Soft-sphere overlap restraints     :    7727       0      0   0.002   0.002      3.9679       1.000
 6 Lennard-Jones 6-12 potential       :       0       0      0   0.000   0.000      0.0000       1.000
 7 Coulomb point-point electrostatic p:       0       0      0   0.000   0.000      0.0000       1.000
 8 H-bonding potential                :       0       0      0   0.000   0.000      0.0000       1.000
 9 Distance restraints 1 (CA-CA)      :    9374       0      0   0.093   0.093      101.50       1.000
10 Distance restraints 2 (N-O)        :    9207       2      8   0.155   0.155      235.50       1.000
11 Mainchain Phi dihedral restraints  :       0       0      0   0.000   0.000      0.0000       1.000
12 Mainchain Psi dihedral restraints  :       0       0      0   0.000   0.000      0.0000       1.000
13 Mainchain Omega dihedral restraints:     470       1      2   8.971   8.971      72.156       1.000
14 Sidechain Chi_1 dihedral restraints:     395       0      1  52.015  52.015      22.571       1.000
15 Sidechain Chi_2 dihedral restraints:     298       0      1  64.986  64.986      68.838       1.000
16 Sidechain Chi_3 dihedral restraints:     132       0      0  53.077  53.077      71.319       1.000
17 Sidechain Chi_4 dihedral restraints:      48       0      0  78.601  78.601      28.691       1.000
18 Disulfide distance restraints      :       0       0      0   0.000   0.000      0.0000       1.000
19 Disulfide angle restraints         :       0       0      0   0.000   0.000      0.0000       1.000
20 Disulfide dihedral angle restraints:       0       0      0   0.000   0.000      0.0000       1.000
21 Lower bound distance restraints    :       0       0      0   0.000   0.000      0.0000       1.000
22 Upper bound distance restraints    :       0       0      0   0.000   0.000      0.0000       1.000
23 Distance restraints 3 (SDCH-MNCH)  :    7370       0      0   0.404   0.404      225.05       1.000
24 Sidechain Chi_5 dihedral restraints:       0       0      0   0.000   0.000      0.0000       1.000
25 Phi/Psi pair of dihedral restraints:     468      25     32  20.998  50.969      23.676       1.000
26 Distance restraints 4 (SDCH-SDCH)  :    5040       0     10   0.794   0.794      460.71       1.000
27 Distance restraints 5 (X-Y)        :       0       0      0   0.000   0.000      0.0000       1.000
28 NMR distance restraints 6 (X-Y)    :       0       0      0   0.000   0.000      0.0000       1.000
29 NMR distance restraints 7 (X-Y)    :       0       0      0   0.000   0.000      0.0000       1.000
30 Minimal distance restraints        :       0       0      0   0.000   0.000      0.0000       1.000
31 Non-bonded restraints              :       0       0      0   0.000   0.000      0.0000       1.000
32 Atomic accessibility restraints    :       0       0      0   0.000   0.000      0.0000       1.000
33 Atomic density restraints          :       0       0      0   0.000   0.000      0.0000       1.000
34 Absolute position restraints       :       0       0      0   0.000   0.000      0.0000       1.000
35 Dihedral angle difference restraint:       0       0      0   0.000   0.000      0.0000       1.000
36 GBSA implicit solvent potential    :       0       0      0   0.000   0.000      0.0000       1.000
37 EM density fitting potential       :       0       0      0   0.000   0.000      0.0000       1.000
38 SAXS restraints                    :       0       0      0   0.000   0.000      0.0000       1.000
39 Symmetry restraints                :       0       0      0   0.000   0.000      0.0000       1.000



# Heavy relative violation of each residue is written to: abl+pep.V99990005
# The profile is NOT normalized by the number of restraints.
# The profiles are smoothed over a window of residues:    1
# The sum of all numbers in the file:   38547.3516



List of the violated restraints:
   A restraint is violated when the relative difference
   from the best value (RVIOL) is larger than CUTOFF.

   ICSR   ... index of a restraint in the current set.
   RESNO  ... residue numbers of the first two atoms.
   ATM    ... IUPAC atom names of the first two atoms.
   FEAT   ... the value of the feature in the model.
   restr  ... the mean of the basis restraint with the smallest
              difference from the model (local minimum).
   viol   ... difference from the local minimum.
   rviol  ... relative difference from the local minimum.
   RESTR  ... the best value (global minimum).
   VIOL   ... difference from the best value.
   RVIOL  ... relative difference from the best value.


-------------------------------------------------------------------------------------------------

Feature 13                           : Mainchain Omega dihedral restraints     
List of the RVIOL violations larger than   :       4.5000

    #   ICSR  RESNO1/2 ATM1/2   INDATM1/2    FEAT   restr    viol   rviol   RESTR    VIOL   RVIOL
    1  14097 453W 453W CA  C    3637 3648   -1.56 -179.18  177.62   41.28 -179.18  177.62   41.28

-------------------------------------------------------------------------------------------------

Feature 25                           : Phi/Psi pair of dihedral restraints     
List of the RVIOL violations larger than   :       6.5000

    #   ICSR  RESNO1/2 ATM1/2   INDATM1/2    FEAT   restr    viol   rviol   RESTR    VIOL   RVIOL
    1  13208  31N  32H C   N     240  242  -59.50  -63.20    3.75    0.56 -125.60 -169.89    8.26
    1         32H  32H N   CA    242  243  -42.95  -42.30                  138.80
    2  13259  82I  83N C   N     644  646  -56.45  -63.20   10.57    1.68  -71.20  176.37   10.90
    2         83N  83N N   CA    646  647  -32.95  -41.10                  142.80
    3  13260  83N  84G C   N     652  654  -85.82  -62.40   35.75    4.96   82.20  169.55   12.13
    3         84G  84G N   CA    654  655  -14.18  -41.20                    8.50
    4  13314 137H 138H C   N    1086 1088  -60.86  -63.20    5.46    0.58 -125.60 -174.38    8.07
    4        138H 138H N   CA   1088 1089  -47.24  -42.30                  138.80
    5  13327 150L 151H C   N    1181 1183 -116.89  -63.20   54.03    8.84 -125.60  173.13    6.74
    5        151H 151H N   CA   1183 1184  -48.29  -42.30                  138.80
    6  13410 233P 234N C   N    1860 1862 -107.21  -63.20   82.26    8.84  -63.20   82.26    8.84
    6        234N 234N N   CA   1862 1863   28.40  -41.10                  -41.10
    7  13474 297I 298H C   N    2386 2388  -74.12  -63.20   11.80    2.02 -125.60 -178.13    7.76
    7        298H 298H N   CA   2388 2389  -46.77  -42.30                  138.80
    8  13476 299R 300N C   N    2407 2409 -145.61 -119.90   84.26    4.33  -63.20  127.94   13.98
    8        300N 300N N   CA   2409 2410   56.76  137.00                  -41.10
    9  13488 311N 312H C   N    2494 2496   59.11   56.30   10.05    0.73 -125.60 -154.29    9.03
    9        312H 312H N   CA   2496 2497   31.16   40.80                  138.80
   10  13603 426I 427H C   N    3427 3429  -63.44  -63.20    0.54    0.08 -125.60 -171.06    8.17
   10        427H 427H N   CA   3429 3430  -42.78  -42.30                  138.80
   11  13610 433M 434F C   N    3486 3488  -87.57  -63.20   58.52    6.77  -63.20   58.52    6.77
   11        434F 434F N   CA   3488 3489    8.90  -44.30                  -44.30
   12  13627 450Q 451G C   N    3622 3624   60.87   78.70   22.46    0.62   82.20  162.36    8.94
   12        451G 451G N   CA   3624 3625 -152.45 -166.10                    8.50
   13  13628 453W 454G C   N    3648 3650 -158.87 -167.20    8.55    0.13   82.20 -157.27   14.93
   13        454G 454G N   CA   3650 3651  172.68  174.60                    8.50
   14  13629 454G 455G C   N    3652 3654  -62.07  -62.40    2.89    0.42   82.20  153.56   11.72
   14        455G 455G N   CA   3654 3655  -44.08  -41.20                    8.50
   15  13630 455G 456G C   N    3656 3658  154.73 -167.20   40.54    1.14   82.20  168.55   11.50
   15        456G 456G N   CA   3658 3659  160.66  174.60                    8.50
   16  13631 456G 457G C   N    3660 3662  154.66 -167.20   39.12    0.59   82.20 -170.80   12.56
   16        457G 457G N   CA   3662 3663 -176.73  174.60                    8.50
   17  13633 458G 459G C   N    3668 3670   82.34   78.70    3.92    0.15   82.20  176.06    8.54
   17        459G 459G N   CA   3670 3671 -167.56 -166.10                    8.50
   18  13636 461G 462G C   N    3680 3682   83.87   78.70   11.51    0.53   82.20  164.33    7.89
   18        462G 462G N   CA   3682 3683 -155.82 -166.10                    8.50
   19  13638 463G 464G C   N    3688 3690  -86.83  -80.20   15.47    0.36   82.20 -113.38    7.47
   19        464G 464G N   CA   3690 3691 -171.92  174.10                    8.50
   20  13639 464G 465G C   N    3692 3694 -132.11 -167.20   36.02    0.54   82.20 -145.10   16.35
   20        465G 465G N   CA   3694 3695  166.48  174.60                    8.50
   21  13640 465G 466G C   N    3696 3698  154.58 -167.20   38.36    0.81   82.20  178.23   12.00
   21        466G 466G N   CA   3698 3699  171.38  174.60                    8.50
   22  13641 466G 467G C   N    3700 3702  114.58   78.70   36.80    1.63   82.20 -179.86   10.34
   22        467G 467G N   CA   3702 3703 -174.29 -166.10                    8.50
   23  13642 467G 468G C   N    3704 3706  123.78   78.70   45.08    2.28   82.20  179.36    6.63
   23        468G 468G N   CA   3706 3707 -165.97 -166.10                    8.50
   24  13643 468G 469G C   N    3708 3710  121.32   78.70   42.68    2.21   82.20  176.65    6.62
   24        469G 469G N   CA   3710 3711 -163.77 -166.10                    8.50
   25  13644 469G 470G C   N    3712 3714 -134.89 -167.20   37.81    0.63   82.20 -155.37   15.66
   25        470G 470G N   CA   3714 3715  154.96  174.60                    8.50


report______> Distribution of short non-bonded contacts:


DISTANCE1:  0.00 2.10 2.20 2.30 2.40 2.50 2.60 2.70 2.80 2.90 3.00 3.10 3.20 3.30 3.40
DISTANCE2:  2.10 2.20 2.30 2.40 2.50 2.60 2.70 2.80 2.90 3.00 3.10 3.20 3.30 3.40 3.50
FREQUENCY:     0    0    0    0    1   23   33  121  196  318  275  409  540  573  637


<< end of ENERGY.
iupac_m_397W> Atoms were not swapped because of the uncertainty of how to handle the H atom.
iupac_m_397W> Atoms were not swapped because of the uncertainty of how to handle the H atom.
iupac_m_397W> Atoms were not swapped because of the uncertainty of how to handle the H atom.
iupac_m_397W> Atoms were not swapped because of the uncertainty of how to handle the H atom.
iupac_m_397W> Atoms were not swapped because of the uncertainty of how to handle the H atom.
iupac_m_397W> Atoms were not swapped because of the uncertainty of how to handle the H atom.
iupac_m_397W> Atoms were not swapped because of the uncertainty of how to handle the H atom.
iupac_m_397W> Atoms were not swapped because of the uncertainty of how to handle the H atom.
iupac_m_397W> Atoms were not swapped because of the uncertainty of how to handle the H atom.
iupac_m_397W> Atoms were not swapped because of the uncertainty of how to handle the H atom.
iupac_m_397W> Atoms were not swapped because of the uncertainty of how to handle the H atom.
iupac_m_484W> Dihedral still outside +-90:       90.2864
iupac_m_397W> Atoms were not swapped because of the uncertainty of how to handle the H atom.
iupac_m_397W> Atoms were not swapped because of the uncertainty of how to handle the H atom.
iupac_m_397W> Atoms were not swapped because of the uncertainty of how to handle the H atom.
iupac_m_397W> Atoms were not swapped because of the uncertainty of how to handle the H atom.
iupac_m_397W> Atoms were not swapped because of the uncertainty of how to handle the H atom.
iupac_m_397W> Atoms were not swapped because of the uncertainty of how to handle the H atom.
iupac_m_397W> Atoms were not swapped because of the uncertainty of how to handle the H atom.
>> Model assessment by DOPE potential
iatmcls_286W> MODEL atom not classified:  VAL:OXT  VAL
iatmcls_286W> MODEL atom not classified:  TRP:OXT  TRP


>> ENERGY; Differences between the model's features and restraints:
Number of all residues in MODEL                   :      472
Number of all, selected real atoms                :     3736    3736
Number of all, selected pseudo atoms              :        0       0
Number of all static, selected restraints         :    45979   45979
COVALENT_CYS                                      :        F
NONBONDED_SEL_ATOMS                               :        1
Number of non-bonded pairs (excluding 1-2,1-3,1-4):   761297
Dynamic pairs routine                             : 1, NATM x NATM double loop
Atomic shift for contacts update (UPDATE_DYNAMIC) :    0.390
LENNARD_JONES_SWITCH                              :    6.500   7.500
COULOMB_JONES_SWITCH                              :    6.500   7.500
RESIDUE_SPAN_RANGE                                :        1    9999
NLOGN_USE                                         :       15
CONTACT_SHELL                                     :   15.000
DYNAMIC_PAIRS,_SPHERE,_COULOMB,_LENNARD,_MODELLER :        T       F       F       F       T
SPHERE_STDV                                       :    0.050
RADII_FACTOR                                      :    0.820
Current energy                                    :      -54386.4961




<< end of ENERGY.
DOPE score               : -54386.496094
>> Model assessment by GA341 potential

Surface library          : /Users/kehuang/miniconda3/lib/modeller-10.4/modlib/surf5.de
Pair library             : /Users/kehuang/miniconda3/lib/modeller-10.4/modlib/pair9.de
Chain identifier         : _
% sequence identity      :    96.231003
Sequence length          :          452
Compactness              :     0.243016
Native energy (pair)     :  -440.447266
Native energy (surface)  :   -31.669783
Native energy (combined) :   -14.136291
Z score (pair)           :   -12.090607
Z score (surface)        :    -9.706653
Z score (combined)       :   -13.813694
GA341 score              :     1.000000



>> ENERGY; Differences between the model's features and restraints:
Number of all residues in MODEL                   :      472
Number of all, selected real atoms                :     3736    3736
Number of all, selected pseudo atoms              :        0       0
Number of all static, selected restraints         :    45979   45979
COVALENT_CYS                                      :        F
NONBONDED_SEL_ATOMS                               :        1
Number of non-bonded pairs (excluding 1-2,1-3,1-4):     7706
Dynamic pairs routine                             : 2, NATM x NATM cell sorting
Atomic shift for contacts update (UPDATE_DYNAMIC) :    0.390
LENNARD_JONES_SWITCH                              :    6.500   7.500
COULOMB_JONES_SWITCH                              :    6.500   7.500
RESIDUE_SPAN_RANGE                                :        0   99999
NLOGN_USE                                         :       15
CONTACT_SHELL                                     :    4.000
DYNAMIC_PAIRS,_SPHERE,_COULOMB,_LENNARD,_MODELLER :        T       T       F       F       F
SPHERE_STDV                                       :    0.050
RADII_FACTOR                                      :    0.820
Current energy                                    :        2654.3877





Summary of the restraint violations: 

   NUM     ... number of restraints.
   NUMVI   ... number of restraints with RVIOL > VIOL_REPORT_CUT[i].
   RVIOL   ... relative difference from the best value.
   NUMVP   ... number of restraints with -Ln(pdf) > VIOL_REPORT_CUT2[i].
   RMS_1   ... RMS(feature, minimally_violated_basis_restraint, NUMB).
   RMS_2   ... RMS(feature, best_value, NUMB).
   MOL.PDF ... scaled contribution to -Ln(Molecular pdf).

 #                     RESTRAINT_GROUP      NUM   NUMVI  NUMVP   RMS_1   RMS_2         MOL.PDF     S_i
------------------------------------------------------------------------------------------------------
 1 Bond length potential              :    3833       0      0   0.006   0.006      37.147       1.000
 2 Bond angle potential               :    5191       0      7   1.872   1.872      357.50       1.000
 3 Stereochemical cosine torsion poten:    2521       0     56  46.275  46.275      836.18       1.000
 4 Stereochemical improper torsion pot:    1632       0      0   1.126   1.126      45.642       1.000
 5 Soft-sphere overlap restraints     :    7706       0      0   0.002   0.002      4.2013       1.000
 6 Lennard-Jones 6-12 potential       :       0       0      0   0.000   0.000      0.0000       1.000
 7 Coulomb point-point electrostatic p:       0       0      0   0.000   0.000      0.0000       1.000
 8 H-bonding potential                :       0       0      0   0.000   0.000      0.0000       1.000
 9 Distance restraints 1 (CA-CA)      :    9374       0      0   0.095   0.095      108.77       1.000
10 Distance restraints 2 (N-O)        :    9207       4     17   0.172   0.172      288.02       1.000
11 Mainchain Phi dihedral restraints  :       0       0      0   0.000   0.000      0.0000       1.000
12 Mainchain Psi dihedral restraints  :       0       0      0   0.000   0.000      0.0000       1.000
13 Mainchain Omega dihedral restraints:     470       0      3   3.790   3.790      76.671       1.000
14 Sidechain Chi_1 dihedral restraints:     395       0      1  51.489  51.489      21.187       1.000
15 Sidechain Chi_2 dihedral restraints:     298       0      2  62.665  62.665      62.936       1.000
16 Sidechain Chi_3 dihedral restraints:     132       0      0  50.734  50.734      69.409       1.000
17 Sidechain Chi_4 dihedral restraints:      48       0      0  88.448  88.448      34.488       1.000
18 Disulfide distance restraints      :       0       0      0   0.000   0.000      0.0000       1.000
19 Disulfide angle restraints         :       0       0      0   0.000   0.000      0.0000       1.000
20 Disulfide dihedral angle restraints:       0       0      0   0.000   0.000      0.0000       1.000
21 Lower bound distance restraints    :       0       0      0   0.000   0.000      0.0000       1.000
22 Upper bound distance restraints    :       0       0      0   0.000   0.000      0.0000       1.000
23 Distance restraints 3 (SDCH-MNCH)  :    7370       0      0   0.400   0.400      223.81       1.000
24 Sidechain Chi_5 dihedral restraints:       0       0      0   0.000   0.000      0.0000       1.000
25 Phi/Psi pair of dihedral restraints:     468      34     33  21.701  55.273      35.165       1.000
26 Distance restraints 4 (SDCH-SDCH)  :    5040       0      7   0.789   0.789      453.28       1.000
27 Distance restraints 5 (X-Y)        :       0       0      0   0.000   0.000      0.0000       1.000
28 NMR distance restraints 6 (X-Y)    :       0       0      0   0.000   0.000      0.0000       1.000
29 NMR distance restraints 7 (X-Y)    :       0       0      0   0.000   0.000      0.0000       1.000
30 Minimal distance restraints        :       0       0      0   0.000   0.000      0.0000       1.000
31 Non-bonded restraints              :       0       0      0   0.000   0.000      0.0000       1.000
32 Atomic accessibility restraints    :       0       0      0   0.000   0.000      0.0000       1.000
33 Atomic density restraints          :       0       0      0   0.000   0.000      0.0000       1.000
34 Absolute position restraints       :       0       0      0   0.000   0.000      0.0000       1.000
35 Dihedral angle difference restraint:       0       0      0   0.000   0.000      0.0000       1.000
36 GBSA implicit solvent potential    :       0       0      0   0.000   0.000      0.0000       1.000
37 EM density fitting potential       :       0       0      0   0.000   0.000      0.0000       1.000
38 SAXS restraints                    :       0       0      0   0.000   0.000      0.0000       1.000
39 Symmetry restraints                :       0       0      0   0.000   0.000      0.0000       1.000



# Heavy relative violation of each residue is written to: abl+pep.V99990006
# The profile is NOT normalized by the number of restraints.
# The profiles are smoothed over a window of residues:    1
# The sum of all numbers in the file:   39170.7734



List of the violated restraints:
   A restraint is violated when the relative difference
   from the best value (RVIOL) is larger than CUTOFF.

   ICSR   ... index of a restraint in the current set.
   RESNO  ... residue numbers of the first two atoms.
   ATM    ... IUPAC atom names of the first two atoms.
   FEAT   ... the value of the feature in the model.
   restr  ... the mean of the basis restraint with the smallest
              difference from the model (local minimum).
   viol   ... difference from the local minimum.
   rviol  ... relative difference from the local minimum.
   RESTR  ... the best value (global minimum).
   VIOL   ... difference from the best value.
   RVIOL  ... relative difference from the best value.


-------------------------------------------------------------------------------------------------

Feature 25                           : Phi/Psi pair of dihedral restraints     
List of the RVIOL violations larger than   :       6.5000

    #   ICSR  RESNO1/2 ATM1/2   INDATM1/2    FEAT   restr    viol   rviol   RESTR    VIOL   RVIOL
    1  13188  11A  12S C   N      89   91 -138.89  -64.10  106.45    8.57  -64.10  106.45    8.57
    1         12S  12S N   CA     91   92   40.76  -35.00                  -35.00
    2  13208  31N  32H C   N     240  242  -58.68  -63.20    4.85    0.66 -125.60 -170.64    8.24
    2         32H  32H N   CA    242  243  -44.07  -42.30                  138.80
    3  13259  82I  83N C   N     644  646  -57.57  -63.20   11.17    1.71  -71.20  174.78   10.83
    3         83N  83N N   CA    646  647  -31.45  -41.10                  142.80
    4  13260  83N  84G C   N     652  654  -85.90  -62.40   35.69    4.96   82.20  169.65   12.14
    4         84G  84G N   CA    654  655  -14.34  -41.20                    8.50
    5  13313 136V 137H C   N    1076 1078  -63.38  -63.20    0.31    0.05 -125.60 -170.82    8.18
    5        137H 137H N   CA   1078 1079  -42.55  -42.30                  138.80
    6  13314 137H 138H C   N    1086 1088  -60.61  -63.20    5.54    0.59 -125.60 -174.26    8.08
    6        138H 138H N   CA   1088 1089  -47.21  -42.30                  138.80
    7  13327 150L 151H C   N    1181 1183 -116.21  -63.20   53.54    8.82 -125.60  171.68    6.70
    7        151H 151H N   CA   1183 1184  -49.78  -42.30                  138.80
    8  13410 233P 234N C   N    1860 1862 -108.41  -63.20   84.44    9.08  -63.20   84.44    9.08
    8        234N 234N N   CA   1862 1863   30.22  -41.10                  -41.10
    9  13474 297I 298H C   N    2386 2388  -74.54  -63.20   12.08    2.06 -125.60 -177.95    7.76
    9        298H 298H N   CA   2388 2389  -46.46  -42.30                  138.80
   10  13476 299R 300N C   N    2407 2409 -145.75 -119.90   85.93    4.41  -63.20  126.72   13.88
   10        300N 300N N   CA   2409 2410   55.05  137.00                  -41.10
   11  13488 311N 312H C   N    2494 2496   59.60   56.30    9.87    0.71 -125.60 -154.89    9.00
   11        312H 312H N   CA   2496 2497   31.50   40.80                  138.80
   12  13552 375S 376P C   N    2997 2999  -59.97  -58.70    6.62    0.65  -64.50  175.86   13.36
   12        376P 376P N   CA   2999 3000  -37.00  -30.50                  147.20
   13  13553 376P 377Y C   N    3004 3006 -120.40  -98.40   44.91    4.15   55.90 -176.81   17.71
   13        377Y 377Y N   CA   3006 3007   89.25  128.40                   39.50
   14  13603 426I 427H C   N    3427 3429  -64.36  -63.20    1.59    0.18 -125.60 -169.89    8.20
   14        427H 427H N   CA   3429 3430  -41.22  -42.30                  138.80
   15  13610 433M 434F C   N    3486 3488  -87.82  -63.20   58.45    6.75  -63.20   58.45    6.75
   15        434F 434F N   CA   3488 3489    8.71  -44.30                  -44.30
   16  13626 449K 450Q C   N    3613 3615 -100.62 -121.10   28.36    0.91  -63.80  164.56   22.43
   16        450Q 450Q N   CA   3615 3616  120.08  139.70                  -40.30
   17  13627 450Q 451G C   N    3622 3624  -97.09  -80.20   30.29    0.75   82.20 -113.43   19.00
   17        451G 451G N   CA   3624 3625 -160.76  174.10                    8.50
   18  13628 453W 454G C   N    3648 3650   85.45   78.70   12.80    0.20   82.20  174.55    8.64
   18        454G 454G N   CA   3650 3651 -176.97 -166.10                    8.50
   19  13630 455G 456G C   N    3656 3658 -111.91  -80.20   34.05    2.50   82.20 -134.20   17.43
   19        456G 456G N   CA   3658 3659  161.69  174.10                    8.50
   20  13631 456G 457G C   N    3660 3662   85.54   78.70   13.63    0.21   82.20  173.64    8.60
   20        457G 457G N   CA   3662 3663 -177.89 -166.10                    8.50
   21  13632 457G 458G C   N    3664 3666  155.61 -167.20   39.31    0.57   82.20 -166.70   12.81
   21        458G 458G N   CA   3666 3667 -172.67  174.60                    8.50
   22  13633 458G 459G C   N    3668 3670 -145.77 -167.20   28.77    0.60   82.20 -162.48   14.98
   22        459G 459G N   CA   3670 3671  155.41  174.60                    8.50
   23  13634 459G 460G C   N    3672 3674  -86.31  -80.20   10.95    0.27   82.20 -117.28    7.45
   23        460G 460G N   CA   3674 3675 -176.82  174.10                    8.50
   24  13635 460G 461G C   N    3676 3678 -166.85 -167.20    4.19    0.17   82.20 -156.77   14.71
   24        461G 461G N   CA   3678 3679  178.77  174.60                    8.50
   25  13636 461G 462G C   N    3680 3682 -171.94 -167.20    5.92    0.21   82.20 -166.02   14.04
   25        462G 462G N   CA   3682 3683  171.05  174.60                    8.50
   26  13637 462G 463G C   N    3684 3686   85.34   78.70   23.35    0.41   82.20  163.04    8.07
   26        463G 463G N   CA   3686 3687  171.51 -166.10                    8.50
   27  13638 463G 464G C   N    3688 3690  167.29 -167.20   51.17    2.07   82.20  148.53   10.88
   27        464G 464G N   CA   3690 3691  130.24  174.60                    8.50
   28  13639 464G 465G C   N    3692 3694  -89.06  -80.20   10.40    0.77   82.20 -125.52    7.62
   28        465G 465G N   CA   3694 3695  168.66  174.10                    8.50
   29  13640 465G 466G C   N    3696 3698  -97.66  -80.20   37.79    0.88   82.20 -118.67   18.67
   29        466G 466G N   CA   3698 3699 -152.39  174.10                    8.50
   30  13641 466G 467G C   N    3700 3702 -135.55 -167.20   40.15    0.77   82.20 -159.44   15.39
   30        467G 467G N   CA   3702 3703  149.89  174.60                    8.50
   31  13642 467G 468G C   N    3704 3706 -136.69 -167.20   38.05    0.71   82.20 -158.85   15.40
   31        468G 468G N   CA   3706 3707  151.86  174.60                    8.50
   32  13643 468G 469G C   N    3708 3710 -179.91 -167.20   14.24    0.22   82.20 -161.65   14.00
   32        469G 469G N   CA   3710 3711 -178.98  174.60                    8.50
   33  13644 469G 470G C   N    3712 3714 -112.27  -80.20   83.47    1.99   82.20 -157.10    7.78
   33        470G 470G N   CA   3714 3715 -108.84  174.10                    8.50
   34  13645 470G 471G C   N    3716 3718   87.16   78.70   18.44    0.27   82.20  169.08    8.46
   34        471G 471G N   CA   3718 3719  177.51 -166.10                    8.50


report______> Distribution of short non-bonded contacts:


DISTANCE1:  0.00 2.10 2.20 2.30 2.40 2.50 2.60 2.70 2.80 2.90 3.00 3.10 3.20 3.30 3.40
DISTANCE2:  2.10 2.20 2.30 2.40 2.50 2.60 2.70 2.80 2.90 3.00 3.10 3.20 3.30 3.40 3.50
FREQUENCY:     0    0    0    0    0   14   34  128  193  322  303  374  515  572  617


<< end of ENERGY.
iupac_m_397W> Atoms were not swapped because of the uncertainty of how to handle the H atom.
iupac_m_397W> Atoms were not swapped because of the uncertainty of how to handle the H atom.
iupac_m_397W> Atoms were not swapped because of the uncertainty of how to handle the H atom.
iupac_m_397W> Atoms were not swapped because of the uncertainty of how to handle the H atom.
iupac_m_397W> Atoms were not swapped because of the uncertainty of how to handle the H atom.
iupac_m_397W> Atoms were not swapped because of the uncertainty of how to handle the H atom.
iupac_m_397W> Atoms were not swapped because of the uncertainty of how to handle the H atom.
iupac_m_397W> Atoms were not swapped because of the uncertainty of how to handle the H atom.
iupac_m_397W> Atoms were not swapped because of the uncertainty of how to handle the H atom.
iupac_m_397W> Atoms were not swapped because of the uncertainty of how to handle the H atom.
iupac_m_397W> Atoms were not swapped because of the uncertainty of how to handle the H atom.
iupac_m_397W> Atoms were not swapped because of the uncertainty of how to handle the H atom.
iupac_m_397W> Atoms were not swapped because of the uncertainty of how to handle the H atom.
iupac_m_397W> Atoms were not swapped because of the uncertainty of how to handle the H atom.
iupac_m_397W> Atoms were not swapped because of the uncertainty of how to handle the H atom.
iupac_m_397W> Atoms were not swapped because of the uncertainty of how to handle the H atom.
iupac_m_397W> Atoms were not swapped because of the uncertainty of how to handle the H atom.
iupac_m_397W> Atoms were not swapped because of the uncertainty of how to handle the H atom.
>> Model assessment by DOPE potential
iatmcls_286W> MODEL atom not classified:  VAL:OXT  VAL
iatmcls_286W> MODEL atom not classified:  TRP:OXT  TRP


>> ENERGY; Differences between the model's features and restraints:
Number of all residues in MODEL                   :      472
Number of all, selected real atoms                :     3736    3736
Number of all, selected pseudo atoms              :        0       0
Number of all static, selected restraints         :    45979   45979
COVALENT_CYS                                      :        F
NONBONDED_SEL_ATOMS                               :        1
Number of non-bonded pairs (excluding 1-2,1-3,1-4):   762764
Dynamic pairs routine                             : 1, NATM x NATM double loop
Atomic shift for contacts update (UPDATE_DYNAMIC) :    0.390
LENNARD_JONES_SWITCH                              :    6.500   7.500
COULOMB_JONES_SWITCH                              :    6.500   7.500
RESIDUE_SPAN_RANGE                                :        1    9999
NLOGN_USE                                         :       15
CONTACT_SHELL                                     :   15.000
DYNAMIC_PAIRS,_SPHERE,_COULOMB,_LENNARD,_MODELLER :        T       F       F       F       T
SPHERE_STDV                                       :    0.050
RADII_FACTOR                                      :    0.820
Current energy                                    :      -54235.5820




<< end of ENERGY.
DOPE score               : -54235.582031
>> Model assessment by GA341 potential

Surface library          : /Users/kehuang/miniconda3/lib/modeller-10.4/modlib/surf5.de
Pair library             : /Users/kehuang/miniconda3/lib/modeller-10.4/modlib/pair9.de
Chain identifier         : _
% sequence identity      :    96.231003
Sequence length          :          452
Compactness              :     0.245142
Native energy (pair)     :  -468.863647
Native energy (surface)  :   -31.022605
Native energy (combined) :   -14.479410
Z score (pair)           :   -12.115791
Z score (surface)        :    -9.536813
Z score (combined)       :   -13.861462
GA341 score              :     1.000000



>> ENERGY; Differences between the model's features and restraints:
Number of all residues in MODEL                   :      472
Number of all, selected real atoms                :     3736    3736
Number of all, selected pseudo atoms              :        0       0
Number of all static, selected restraints         :    45979   45979
COVALENT_CYS                                      :        F
NONBONDED_SEL_ATOMS                               :        1
Number of non-bonded pairs (excluding 1-2,1-3,1-4):     7742
Dynamic pairs routine                             : 2, NATM x NATM cell sorting
Atomic shift for contacts update (UPDATE_DYNAMIC) :    0.390
LENNARD_JONES_SWITCH                              :    6.500   7.500
COULOMB_JONES_SWITCH                              :    6.500   7.500
RESIDUE_SPAN_RANGE                                :        0   99999
NLOGN_USE                                         :       15
CONTACT_SHELL                                     :    4.000
DYNAMIC_PAIRS,_SPHERE,_COULOMB,_LENNARD,_MODELLER :        T       T       F       F       F
SPHERE_STDV                                       :    0.050
RADII_FACTOR                                      :    0.820
Current energy                                    :        2554.9270





Summary of the restraint violations: 

   NUM     ... number of restraints.
   NUMVI   ... number of restraints with RVIOL > VIOL_REPORT_CUT[i].
   RVIOL   ... relative difference from the best value.
   NUMVP   ... number of restraints with -Ln(pdf) > VIOL_REPORT_CUT2[i].
   RMS_1   ... RMS(feature, minimally_violated_basis_restraint, NUMB).
   RMS_2   ... RMS(feature, best_value, NUMB).
   MOL.PDF ... scaled contribution to -Ln(Molecular pdf).

 #                     RESTRAINT_GROUP      NUM   NUMVI  NUMVP   RMS_1   RMS_2         MOL.PDF     S_i
------------------------------------------------------------------------------------------------------
 1 Bond length potential              :    3833       0      0   0.006   0.006      35.789       1.000
 2 Bond angle potential               :    5191       0      6   1.812   1.812      334.66       1.000
 3 Stereochemical cosine torsion poten:    2521       0     57  46.517  46.517      839.27       1.000
 4 Stereochemical improper torsion pot:    1632       0      0   1.085   1.085      41.647       1.000
 5 Soft-sphere overlap restraints     :    7742       0      0   0.002   0.002      3.5991       1.000
 6 Lennard-Jones 6-12 potential       :       0       0      0   0.000   0.000      0.0000       1.000
 7 Coulomb point-point electrostatic p:       0       0      0   0.000   0.000      0.0000       1.000
 8 H-bonding potential                :       0       0      0   0.000   0.000      0.0000       1.000
 9 Distance restraints 1 (CA-CA)      :    9374       0      0   0.087   0.087      89.024       1.000
10 Distance restraints 2 (N-O)        :    9207       1      5   0.146   0.146      204.05       1.000
11 Mainchain Phi dihedral restraints  :       0       0      0   0.000   0.000      0.0000       1.000
12 Mainchain Psi dihedral restraints  :       0       0      0   0.000   0.000      0.0000       1.000
13 Mainchain Omega dihedral restraints:     470       1      1   9.037   9.037      72.580       1.000
14 Sidechain Chi_1 dihedral restraints:     395       0      2  45.105  45.105      5.4703       1.000
15 Sidechain Chi_2 dihedral restraints:     298       0      1  66.492  66.492      77.695       1.000
16 Sidechain Chi_3 dihedral restraints:     132       0      0  53.789  53.789      82.300       1.000
17 Sidechain Chi_4 dihedral restraints:      48       0      0  85.034  85.034      29.265       1.000
18 Disulfide distance restraints      :       0       0      0   0.000   0.000      0.0000       1.000
19 Disulfide angle restraints         :       0       0      0   0.000   0.000      0.0000       1.000
20 Disulfide dihedral angle restraints:       0       0      0   0.000   0.000      0.0000       1.000
21 Lower bound distance restraints    :       0       0      0   0.000   0.000      0.0000       1.000
22 Upper bound distance restraints    :       0       0      0   0.000   0.000      0.0000       1.000
23 Distance restraints 3 (SDCH-MNCH)  :    7370       0      0   0.406   0.406      227.09       1.000
24 Sidechain Chi_5 dihedral restraints:       0       0      0   0.000   0.000      0.0000       1.000
25 Phi/Psi pair of dihedral restraints:     468      33     24  21.162  53.125      28.883       1.000
26 Distance restraints 4 (SDCH-SDCH)  :    5040       0     14   0.810   0.810      483.60       1.000
27 Distance restraints 5 (X-Y)        :       0       0      0   0.000   0.000      0.0000       1.000
28 NMR distance restraints 6 (X-Y)    :       0       0      0   0.000   0.000      0.0000       1.000
29 NMR distance restraints 7 (X-Y)    :       0       0      0   0.000   0.000      0.0000       1.000
30 Minimal distance restraints        :       0       0      0   0.000   0.000      0.0000       1.000
31 Non-bonded restraints              :       0       0      0   0.000   0.000      0.0000       1.000
32 Atomic accessibility restraints    :       0       0      0   0.000   0.000      0.0000       1.000
33 Atomic density restraints          :       0       0      0   0.000   0.000      0.0000       1.000
34 Absolute position restraints       :       0       0      0   0.000   0.000      0.0000       1.000
35 Dihedral angle difference restraint:       0       0      0   0.000   0.000      0.0000       1.000
36 GBSA implicit solvent potential    :       0       0      0   0.000   0.000      0.0000       1.000
37 EM density fitting potential       :       0       0      0   0.000   0.000      0.0000       1.000
38 SAXS restraints                    :       0       0      0   0.000   0.000      0.0000       1.000
39 Symmetry restraints                :       0       0      0   0.000   0.000      0.0000       1.000



# Heavy relative violation of each residue is written to: abl+pep.V99990007
# The profile is NOT normalized by the number of restraints.
# The profiles are smoothed over a window of residues:    1
# The sum of all numbers in the file:   38385.8945



List of the violated restraints:
   A restraint is violated when the relative difference
   from the best value (RVIOL) is larger than CUTOFF.

   ICSR   ... index of a restraint in the current set.
   RESNO  ... residue numbers of the first two atoms.
   ATM    ... IUPAC atom names of the first two atoms.
   FEAT   ... the value of the feature in the model.
   restr  ... the mean of the basis restraint with the smallest
              difference from the model (local minimum).
   viol   ... difference from the local minimum.
   rviol  ... relative difference from the local minimum.
   RESTR  ... the best value (global minimum).
   VIOL   ... difference from the best value.
   RVIOL  ... relative difference from the best value.


-------------------------------------------------------------------------------------------------

Feature 13                           : Mainchain Omega dihedral restraints     
List of the RVIOL violations larger than   :       4.5000

    #   ICSR  RESNO1/2 ATM1/2   INDATM1/2    FEAT   restr    viol   rviol   RESTR    VIOL   RVIOL
    1  14097 453W 453W CA  C    3637 3648   -0.13 -179.18  179.06   41.62 -179.18  179.06   41.62

-------------------------------------------------------------------------------------------------

Feature 25                           : Phi/Psi pair of dihedral restraints     
List of the RVIOL violations larger than   :       6.5000

    #   ICSR  RESNO1/2 ATM1/2   INDATM1/2    FEAT   restr    viol   rviol   RESTR    VIOL   RVIOL
    1  13188  11A  12S C   N      89   91 -134.61  -64.10   99.94    8.08  -64.10   99.94    8.08
    1         12S  12S N   CA     91   92   35.82  -35.00                  -35.00
    2  13208  31N  32H C   N     240  242  -55.46  -63.20    9.80    1.16 -125.60 -173.43    8.17
    2         32H  32H N   CA    242  243  -48.31  -42.30                  138.80
    3  13209  32H  33N C   N     250  252  -93.84 -119.90   26.47    0.98  -63.20  176.12   20.47
    3         33N  33N N   CA    252  253  132.33  137.00                  -41.10
    4  13210  33N  34G C   N     258  260  -58.44  -62.40   36.62    5.67   82.20  141.27    9.93
    4         34G  34G N   CA    260  261   -4.79  -41.20                    8.50
    5  13313 136V 137H C   N    1076 1078  -63.63  -63.20    0.48    0.08 -125.60 -170.86    8.18
    5        137H 137H N   CA   1078 1079  -42.50  -42.30                  138.80
    6  13314 137H 138H C   N    1086 1088  -61.40  -63.20    4.92    0.53 -125.60 -174.23    8.07
    6        138H 138H N   CA   1088 1089  -46.88  -42.30                  138.80
    7  13327 150L 151H C   N    1181 1183 -115.63  -63.20   53.21    8.82 -125.60  170.13    6.65
    7        151H 151H N   CA   1183 1184  -51.36  -42.30                  138.80
    8  13410 233P 234N C   N    1860 1862 -108.97  -63.20   84.71    9.11  -63.20   84.71    9.11
    8        234N 234N N   CA   1862 1863   30.18  -41.10                  -41.10
    9  13474 297I 298H C   N    2386 2388  -74.18  -63.20   12.35    2.12 -125.60 -179.29    7.71
    9        298H 298H N   CA   2388 2389  -47.96  -42.30                  138.80
   10  13476 299R 300N C   N    2407 2409 -146.70 -119.90   88.18    4.53  -63.20  125.80   13.83
   10        300N 300N N   CA   2409 2410   52.99  137.00                  -41.10
   11  13481 304R 305N C   N    2444 2446  -99.69  -63.20   75.29    8.10  -63.20   75.29    8.10
   11        305N 305N N   CA   2446 2447   24.75  -41.10                  -41.10
   12  13488 311N 312H C   N    2494 2496   59.41   56.30    9.69    0.70 -125.60 -154.80    9.00
   12        312H 312H N   CA   2496 2497   31.63   40.80                  138.80
   13  13603 426I 427H C   N    3427 3429  -64.42  -63.20    1.25    0.21 -125.60 -171.20    8.15
   13        427H 427H N   CA   3429 3430  -42.58  -42.30                  138.80
   14  13610 433M 434F C   N    3486 3488  -86.90  -63.20   56.83    6.57  -63.20   56.83    6.57
   14        434F 434F N   CA   3488 3489    7.36  -44.30                  -44.30
   15  13626 449K 450Q C   N    3613 3615  -60.89  -73.00   13.33    1.03  -63.80  173.43   25.35
   15        450Q 450Q N   CA   3615 3616  146.29  140.70                  -40.30
   16  13627 450Q 451G C   N    3622 3624  -76.52  -80.20    9.52    0.23   82.20 -136.88    7.03
   16        451G 451G N   CA   3624 3625  165.32  174.10                    8.50
   17  13628 453W 454G C   N    3648 3650 -146.91 -167.20   22.67    0.35   82.20 -156.38   15.32
   17        454G 454G N   CA   3650 3651  164.48  174.60                    8.50
   18  13629 454G 455G C   N    3652 3654  -84.97  -80.20    8.57    0.21   82.20 -119.63    7.39
   18        455G 455G N   CA   3654 3655 -178.77  174.10                    8.50
   19  13630 455G 456G C   N    3656 3658   82.23   78.70    6.43    0.10   82.20  179.97    8.74
   19        456G 456G N   CA   3658 3659 -171.47 -166.10                    8.50
   20  13631 456G 457G C   N    3660 3662 -128.78 -167.20   44.08    0.71   82.20 -152.44   15.96
   20        457G 457G N   CA   3662 3663  152.99  174.60                    8.50
   21  13632 457G 458G C   N    3664 3666  -78.20  -80.20   10.71    0.33   82.20 -136.89    7.11
   21        458G 458G N   CA   3666 3667  163.58  174.10                    8.50
   22  13633 458G 459G C   N    3668 3670  179.75 -167.20   14.13    0.41   82.20 -172.03   13.44
   22        459G 459G N   CA   3670 3671  169.18  174.60                    8.50
   23  13634 459G 460G C   N    3672 3674  -80.63  -80.20    5.00    0.22   82.20 -131.28    7.21
   23        460G 460G N   CA   3674 3675  169.12  174.10                    8.50
   24  13635 460G 461G C   N    3676 3678  178.57 -167.20   14.55    0.22   82.20 -165.34   13.75
   24        461G 461G N   CA   3678 3679  177.64  174.60                    8.50
   25  13636 461G 462G C   N    3680 3682 -165.68 -167.20    5.64    0.23   82.20 -155.08   14.84
   25        462G 462G N   CA   3682 3683 -179.97  174.60                    8.50
   26  13638 463G 464G C   N    3688 3690   98.23   78.70   39.70    0.60   82.20  151.69    8.16
   26        464G 464G N   CA   3690 3691  159.34 -166.10                    8.50
   27  13639 464G 465G C   N    3692 3694 -174.74 -167.20    8.07    0.12   82.20 -162.08   14.16
   27        465G 465G N   CA   3694 3695  177.48  174.60                    8.50
   28  13640 465G 466G C   N    3696 3698  175.22 -167.20   20.20    0.33   82.20 -160.90   13.87
   28        466G 466G N   CA   3698 3699 -175.46  174.60                    8.50
   29  13641 466G 467G C   N    3700 3702  166.66 -167.20   29.06    0.44   82.20 -162.26   13.47
   29        467G 467G N   CA   3702 3703 -172.70  174.60                    8.50
   30  13642 467G 468G C   N    3704 3706 -162.88 -167.20   13.93    0.47   82.20 -168.77   14.17
   30        468G 468G N   CA   3706 3707  161.35  174.60                    8.50
   31  13643 468G 469G C   N    3708 3710 -135.24 -167.20   42.83    0.89   82.20 -161.88   15.24
   31        469G 469G N   CA   3710 3711  146.09  174.60                    8.50
   32  13644 469G 470G C   N    3712 3714   59.47   78.70   56.46    0.91   82.20  123.62    7.12
   32        470G 470G N   CA   3714 3715 -113.01 -166.10                    8.50
   33  13645 470G 471G C   N    3716 3718   87.73   78.70   22.73    0.34   82.20  164.63    8.27
   33        471G 471G N   CA   3718 3719  173.04 -166.10                    8.50


report______> Distribution of short non-bonded contacts:


DISTANCE1:  0.00 2.10 2.20 2.30 2.40 2.50 2.60 2.70 2.80 2.90 3.00 3.10 3.20 3.30 3.40
DISTANCE2:  2.10 2.20 2.30 2.40 2.50 2.60 2.70 2.80 2.90 3.00 3.10 3.20 3.30 3.40 3.50
FREQUENCY:     0    0    0    0    0   14   33  118  184  319  281  402  530  571  628


<< end of ENERGY.
iupac_m_397W> Atoms were not swapped because of the uncertainty of how to handle the H atom.
iupac_m_397W> Atoms were not swapped because of the uncertainty of how to handle the H atom.
iupac_m_397W> Atoms were not swapped because of the uncertainty of how to handle the H atom.
iupac_m_397W> Atoms were not swapped because of the uncertainty of how to handle the H atom.
iupac_m_397W> Atoms were not swapped because of the uncertainty of how to handle the H atom.
iupac_m_397W> Atoms were not swapped because of the uncertainty of how to handle the H atom.
iupac_m_397W> Atoms were not swapped because of the uncertainty of how to handle the H atom.
iupac_m_397W> Atoms were not swapped because of the uncertainty of how to handle the H atom.
iupac_m_397W> Atoms were not swapped because of the uncertainty of how to handle the H atom.
iupac_m_397W> Atoms were not swapped because of the uncertainty of how to handle the H atom.
iupac_m_397W> Atoms were not swapped because of the uncertainty of how to handle the H atom.
iupac_m_484W> Dihedral still outside +-90:      -90.4023
iupac_m_397W> Atoms were not swapped because of the uncertainty of how to handle the H atom.
iupac_m_397W> Atoms were not swapped because of the uncertainty of how to handle the H atom.
iupac_m_397W> Atoms were not swapped because of the uncertainty of how to handle the H atom.
iupac_m_397W> Atoms were not swapped because of the uncertainty of how to handle the H atom.
iupac_m_484W> Dihedral still outside +-90:       90.0253
iupac_m_397W> Atoms were not swapped because of the uncertainty of how to handle the H atom.
>> Model assessment by DOPE potential
iatmcls_286W> MODEL atom not classified:  VAL:OXT  VAL
iatmcls_286W> MODEL atom not classified:  TRP:OXT  TRP


>> ENERGY; Differences between the model's features and restraints:
Number of all residues in MODEL                   :      472
Number of all, selected real atoms                :     3736    3736
Number of all, selected pseudo atoms              :        0       0
Number of all static, selected restraints         :    45979   45979
COVALENT_CYS                                      :        F
NONBONDED_SEL_ATOMS                               :        1
Number of non-bonded pairs (excluding 1-2,1-3,1-4):   764157
Dynamic pairs routine                             : 1, NATM x NATM double loop
Atomic shift for contacts update (UPDATE_DYNAMIC) :    0.390
LENNARD_JONES_SWITCH                              :    6.500   7.500
COULOMB_JONES_SWITCH                              :    6.500   7.500
RESIDUE_SPAN_RANGE                                :        1    9999
NLOGN_USE                                         :       15
CONTACT_SHELL                                     :   15.000
DYNAMIC_PAIRS,_SPHERE,_COULOMB,_LENNARD,_MODELLER :        T       F       F       F       T
SPHERE_STDV                                       :    0.050
RADII_FACTOR                                      :    0.820
Current energy                                    :      -54285.1289




<< end of ENERGY.
DOPE score               : -54285.128906
>> Model assessment by GA341 potential

Surface library          : /Users/kehuang/miniconda3/lib/modeller-10.4/modlib/surf5.de
Pair library             : /Users/kehuang/miniconda3/lib/modeller-10.4/modlib/pair9.de
Chain identifier         : _
% sequence identity      :    96.231003
Sequence length          :          452
Compactness              :     0.246956
Native energy (pair)     :  -468.214521
Native energy (surface)  :   -32.258554
Native energy (combined) :   -14.682326
Z score (pair)           :   -12.080225
Z score (surface)        :    -9.649267
Z score (combined)       :   -13.838446
GA341 score              :     1.000000



>> ENERGY; Differences between the model's features and restraints:
Number of all residues in MODEL                   :      472
Number of all, selected real atoms                :     3736    3736
Number of all, selected pseudo atoms              :        0       0
Number of all static, selected restraints         :    45979   45979
COVALENT_CYS                                      :        F
NONBONDED_SEL_ATOMS                               :        1
Number of non-bonded pairs (excluding 1-2,1-3,1-4):     7734
Dynamic pairs routine                             : 2, NATM x NATM cell sorting
Atomic shift for contacts update (UPDATE_DYNAMIC) :    0.390
LENNARD_JONES_SWITCH                              :    6.500   7.500
COULOMB_JONES_SWITCH                              :    6.500   7.500
RESIDUE_SPAN_RANGE                                :        0   99999
NLOGN_USE                                         :       15
CONTACT_SHELL                                     :    4.000
DYNAMIC_PAIRS,_SPHERE,_COULOMB,_LENNARD,_MODELLER :        T       T       F       F       F
SPHERE_STDV                                       :    0.050
RADII_FACTOR                                      :    0.820
Current energy                                    :        2434.8267





Summary of the restraint violations: 

   NUM     ... number of restraints.
   NUMVI   ... number of restraints with RVIOL > VIOL_REPORT_CUT[i].
   RVIOL   ... relative difference from the best value.
   NUMVP   ... number of restraints with -Ln(pdf) > VIOL_REPORT_CUT2[i].
   RMS_1   ... RMS(feature, minimally_violated_basis_restraint, NUMB).
   RMS_2   ... RMS(feature, best_value, NUMB).
   MOL.PDF ... scaled contribution to -Ln(Molecular pdf).

 #                     RESTRAINT_GROUP      NUM   NUMVI  NUMVP   RMS_1   RMS_2         MOL.PDF     S_i
------------------------------------------------------------------------------------------------------
 1 Bond length potential              :    3833       0      0   0.006   0.006      35.532       1.000
 2 Bond angle potential               :    5191       0      4   1.845   1.845      347.71       1.000
 3 Stereochemical cosine torsion poten:    2521       0     55  46.447  46.447      837.28       1.000
 4 Stereochemical improper torsion pot:    1632       0      0   1.084   1.084      41.168       1.000
 5 Soft-sphere overlap restraints     :    7734       0      1   0.003   0.003      7.4695       1.000
 6 Lennard-Jones 6-12 potential       :       0       0      0   0.000   0.000      0.0000       1.000
 7 Coulomb point-point electrostatic p:       0       0      0   0.000   0.000      0.0000       1.000
 8 H-bonding potential                :       0       0      0   0.000   0.000      0.0000       1.000
 9 Distance restraints 1 (CA-CA)      :    9374       0      0   0.088   0.088      91.055       1.000
10 Distance restraints 2 (N-O)        :    9207       1      5   0.148   0.148      210.60       1.000
11 Mainchain Phi dihedral restraints  :       0       0      0   0.000   0.000      0.0000       1.000
12 Mainchain Psi dihedral restraints  :       0       0      0   0.000   0.000      0.0000       1.000
13 Mainchain Omega dihedral restraints:     470       1      3   8.992   8.992      74.105       1.000
14 Sidechain Chi_1 dihedral restraints:     395       0      1  47.768  47.768      10.664       1.000
15 Sidechain Chi_2 dihedral restraints:     298       0      1  63.518  63.518      58.672       1.000
16 Sidechain Chi_3 dihedral restraints:     132       0      0  57.170  57.170      73.363       1.000
17 Sidechain Chi_4 dihedral restraints:      48       0      0  85.019  85.019      27.697       1.000
18 Disulfide distance restraints      :       0       0      0   0.000   0.000      0.0000       1.000
19 Disulfide angle restraints         :       0       0      0   0.000   0.000      0.0000       1.000
20 Disulfide dihedral angle restraints:       0       0      0   0.000   0.000      0.0000       1.000
21 Lower bound distance restraints    :       0       0      0   0.000   0.000      0.0000       1.000
22 Upper bound distance restraints    :       0       0      0   0.000   0.000      0.0000       1.000
23 Distance restraints 3 (SDCH-MNCH)  :    7370       0      0   0.406   0.406      217.09       1.000
24 Sidechain Chi_5 dihedral restraints:       0       0      0   0.000   0.000      0.0000       1.000
25 Phi/Psi pair of dihedral restraints:     468      30     27  20.377  52.092      11.671       1.000
26 Distance restraints 4 (SDCH-SDCH)  :    5040       0      3   0.737   0.737      390.76       1.000
27 Distance restraints 5 (X-Y)        :       0       0      0   0.000   0.000      0.0000       1.000
28 NMR distance restraints 6 (X-Y)    :       0       0      0   0.000   0.000      0.0000       1.000
29 NMR distance restraints 7 (X-Y)    :       0       0      0   0.000   0.000      0.0000       1.000
30 Minimal distance restraints        :       0       0      0   0.000   0.000      0.0000       1.000
31 Non-bonded restraints              :       0       0      0   0.000   0.000      0.0000       1.000
32 Atomic accessibility restraints    :       0       0      0   0.000   0.000      0.0000       1.000
33 Atomic density restraints          :       0       0      0   0.000   0.000      0.0000       1.000
34 Absolute position restraints       :       0       0      0   0.000   0.000      0.0000       1.000
35 Dihedral angle difference restraint:       0       0      0   0.000   0.000      0.0000       1.000
36 GBSA implicit solvent potential    :       0       0      0   0.000   0.000      0.0000       1.000
37 EM density fitting potential       :       0       0      0   0.000   0.000      0.0000       1.000
38 SAXS restraints                    :       0       0      0   0.000   0.000      0.0000       1.000
39 Symmetry restraints                :       0       0      0   0.000   0.000      0.0000       1.000



# Heavy relative violation of each residue is written to: abl+pep.V99990008
# The profile is NOT normalized by the number of restraints.
# The profiles are smoothed over a window of residues:    1
# The sum of all numbers in the file:   37725.8789



List of the violated restraints:
   A restraint is violated when the relative difference
   from the best value (RVIOL) is larger than CUTOFF.

   ICSR   ... index of a restraint in the current set.
   RESNO  ... residue numbers of the first two atoms.
   ATM    ... IUPAC atom names of the first two atoms.
   FEAT   ... the value of the feature in the model.
   restr  ... the mean of the basis restraint with the smallest
              difference from the model (local minimum).
   viol   ... difference from the local minimum.
   rviol  ... relative difference from the local minimum.
   RESTR  ... the best value (global minimum).
   VIOL   ... difference from the best value.
   RVIOL  ... relative difference from the best value.


-------------------------------------------------------------------------------------------------

Feature 13                           : Mainchain Omega dihedral restraints     
List of the RVIOL violations larger than   :       4.5000

    #   ICSR  RESNO1/2 ATM1/2   INDATM1/2    FEAT   restr    viol   rviol   RESTR    VIOL   RVIOL
    1  14097 453W 453W CA  C    3637 3648   -1.50 -179.18  177.68   41.30 -179.18  177.68   41.30

-------------------------------------------------------------------------------------------------

Feature 25                           : Phi/Psi pair of dihedral restraints     
List of the RVIOL violations larger than   :       6.5000

    #   ICSR  RESNO1/2 ATM1/2   INDATM1/2    FEAT   restr    viol   rviol   RESTR    VIOL   RVIOL
    1  13208  31N  32H C   N     240  242  -54.40  -63.20   12.25    1.39 -125.60 -175.35    8.10
    1         32H  32H N   CA    242  243  -50.83  -42.30                  138.80
    2  13209  32H  33N C   N     250  252  -91.19 -119.90   28.91    1.11  -63.20  176.90   20.69
    2         33N  33N N   CA    252  253  133.58  137.00                  -41.10
    3  13210  33N  34G C   N     258  260  -59.49  -62.40   35.63    5.47   82.20  142.40   10.04
    3         34G  34G N   CA    260  261   -5.69  -41.20                    8.50
    4  13313 136V 137H C   N    1076 1078  -63.35  -63.20    0.17    0.03 -125.60 -170.65    8.19
    4        137H 137H N   CA   1078 1079  -42.37  -42.30                  138.80
    5  13314 137H 138H C   N    1086 1088  -61.62  -63.20    4.68    0.51 -125.60 -174.15    8.07
    5        138H 138H N   CA   1088 1089  -46.71  -42.30                  138.80
    6  13327 150L 151H C   N    1181 1183 -114.98  -63.20   53.13    8.90 -125.60  167.36    6.56
    6        151H 151H N   CA   1183 1184  -54.18  -42.30                  138.80
    7  13410 233P 234N C   N    1860 1862 -108.61  -63.20   83.48    8.98  -63.20   83.48    8.98
    7        234N 234N N   CA   1862 1863   28.95  -41.10                  -41.10
    8  13474 297I 298H C   N    2386 2388  -74.69  -63.20   12.37    2.11 -125.60 -178.39    7.74
    8        298H 298H N   CA   2388 2389  -46.88  -42.30                  138.80
    9  13476 299R 300N C   N    2407 2409 -146.64 -119.90   83.23    4.30  -63.20  129.69   14.17
    9        300N 300N N   CA   2409 2410   58.18  137.00                  -41.10
   10  13488 311N 312H C   N    2494 2496   59.62   56.30    9.92    0.71 -125.60 -154.88    9.00
   10        312H 312H N   CA   2496 2497   31.45   40.80                  138.80
   11  13603 426I 427H C   N    3427 3429  -62.84  -63.20    1.08    0.12 -125.60 -171.37    8.16
   11        427H 427H N   CA   3429 3430  -43.32  -42.30                  138.80
   12  13610 433M 434F C   N    3486 3488  -87.43  -63.20   58.28    6.74  -63.20   58.28    6.74
   12        434F 434F N   CA   3488 3489    8.70  -44.30                  -44.30
   13  13626 449K 450Q C   N    3613 3615 -138.03 -121.10   22.04    1.11  -63.80 -178.26   23.64
   13        450Q 450Q N   CA   3615 3616  125.59  139.70                  -40.30
   14  13627 450Q 451G C   N    3622 3624  -64.27  -62.40    2.87    0.53   82.20  155.39   11.84
   14        451G 451G N   CA   3624 3625  -43.38  -41.20                    8.50
   15  13628 453W 454G C   N    3648 3650 -137.67 -167.20   38.19    0.76   82.20 -160.58   15.28
   15        454G 454G N   CA   3650 3651  150.39  174.60                    8.50
   16  13629 454G 455G C   N    3652 3654  -87.37  -80.20   11.19    0.31   82.20 -116.90    7.49
   16        455G 455G N   CA   3654 3655 -177.31  174.10                    8.50
   17  13630 455G 456G C   N    3656 3658   88.91   78.70   24.50    0.37   82.20  163.26    8.26
   17        456G 456G N   CA   3658 3659  171.62 -166.10                    8.50
   18  13631 456G 457G C   N    3660 3662 -150.03 -167.20   23.00    0.48   82.20 -162.34   14.89
   18        457G 457G N   CA   3662 3663  159.31  174.60                    8.50
   19  13632 457G 458G C   N    3664 3666   69.43   78.70   13.96    0.28   82.20  164.66    8.63
   19        458G 458G N   CA   3666 3667 -155.66 -166.10                    8.50
   20  13633 458G 459G C   N    3668 3670  175.55 -167.20   20.81    0.71   82.20 -179.53   12.89
   20        459G 459G N   CA   3670 3671  162.96  174.60                    8.50
   21  13634 459G 460G C   N    3672 3674 -146.69 -167.20   43.09    1.29   82.20 -176.62   14.09
   21        460G 460G N   CA   3674 3675  136.71  174.60                    8.50
   22  13635 460G 461G C   N    3676 3678  -96.35  -80.20   24.31    0.71   82.20 -109.13   19.26
   22        461G 461G N   CA   3678 3679 -167.73  174.10                    8.50
   23  13636 461G 462G C   N    3680 3682 -162.93 -167.20    5.79    0.12   82.20 -161.25   14.59
   23        462G 462G N   CA   3682 3683  170.69  174.60                    8.50
   24  13638 463G 464G C   N    3688 3690   97.78   78.70   43.69    0.65   82.20  146.92    7.91
   24        464G 464G N   CA   3690 3691  154.59 -166.10                    8.50
   25  13639 464G 465G C   N    3692 3694   85.11   78.70   21.80    0.38   82.20  164.58    8.14
   25        465G 465G N   CA   3694 3695  173.06 -166.10                    8.50
   26  13640 465G 466G C   N    3696 3698  167.70 -167.20   27.97    0.86   82.20  175.93   12.37
   26        466G 466G N   CA   3698 3699  162.26  174.60                    8.50
   27  13641 466G 467G C   N    3700 3702  -90.27  -80.20   12.60    0.49   82.20 -115.59    7.63
   27        467G 467G N   CA   3702 3703 -178.33  174.10                    8.50
   28  13642 467G 468G C   N    3704 3706  139.43 -167.20   53.39    1.05   82.20  174.35   11.17
   28        468G 468G N   CA   3706 3707  173.19  174.60                    8.50
   29  13644 469G 470G C   N    3712 3714 -135.79 -167.20   32.62    0.85   82.20 -134.71   16.87
   29        470G 470G N   CA   3714 3715 -176.61  174.60                    8.50
   30  13645 470G 471G C   N    3716 3718 -172.50 -167.20   12.29    0.38   82.20 -153.89   14.68
   30        471G 471G N   CA   3718 3719 -174.31  174.60                    8.50


report______> Distribution of short non-bonded contacts:


DISTANCE1:  0.00 2.10 2.20 2.30 2.40 2.50 2.60 2.70 2.80 2.90 3.00 3.10 3.20 3.30 3.40
DISTANCE2:  2.10 2.20 2.30 2.40 2.50 2.60 2.70 2.80 2.90 3.00 3.10 3.20 3.30 3.40 3.50
FREQUENCY:     0    0    0    0    1   20   33  121  181  328  272  403  533  594  583


<< end of ENERGY.
iupac_m_397W> Atoms were not swapped because of the uncertainty of how to handle the H atom.
iupac_m_397W> Atoms were not swapped because of the uncertainty of how to handle the H atom.
iupac_m_397W> Atoms were not swapped because of the uncertainty of how to handle the H atom.
iupac_m_397W> Atoms were not swapped because of the uncertainty of how to handle the H atom.
iupac_m_397W> Atoms were not swapped because of the uncertainty of how to handle the H atom.
iupac_m_397W> Atoms were not swapped because of the uncertainty of how to handle the H atom.
iupac_m_397W> Atoms were not swapped because of the uncertainty of how to handle the H atom.
iupac_m_397W> Atoms were not swapped because of the uncertainty of how to handle the H atom.
iupac_m_484W> Dihedral still outside +-90:       90.0104
iupac_m_397W> Atoms were not swapped because of the uncertainty of how to handle the H atom.
iupac_m_484W> Dihedral still outside +-90:       90.1634
iupac_m_397W> Atoms were not swapped because of the uncertainty of how to handle the H atom.
iupac_m_397W> Atoms were not swapped because of the uncertainty of how to handle the H atom.
iupac_m_397W> Atoms were not swapped because of the uncertainty of how to handle the H atom.
iupac_m_397W> Atoms were not swapped because of the uncertainty of how to handle the H atom.
iupac_m_397W> Atoms were not swapped because of the uncertainty of how to handle the H atom.
iupac_m_397W> Atoms were not swapped because of the uncertainty of how to handle the H atom.
iupac_m_397W> Atoms were not swapped because of the uncertainty of how to handle the H atom.
iupac_m_397W> Atoms were not swapped because of the uncertainty of how to handle the H atom.
>> Model assessment by DOPE potential
iatmcls_286W> MODEL atom not classified:  VAL:OXT  VAL
iatmcls_286W> MODEL atom not classified:  TRP:OXT  TRP


>> ENERGY; Differences between the model's features and restraints:
Number of all residues in MODEL                   :      472
Number of all, selected real atoms                :     3736    3736
Number of all, selected pseudo atoms              :        0       0
Number of all static, selected restraints         :    45979   45979
COVALENT_CYS                                      :        F
NONBONDED_SEL_ATOMS                               :        1
Number of non-bonded pairs (excluding 1-2,1-3,1-4):   764055
Dynamic pairs routine                             : 1, NATM x NATM double loop
Atomic shift for contacts update (UPDATE_DYNAMIC) :    0.390
LENNARD_JONES_SWITCH                              :    6.500   7.500
COULOMB_JONES_SWITCH                              :    6.500   7.500
RESIDUE_SPAN_RANGE                                :        1    9999
NLOGN_USE                                         :       15
CONTACT_SHELL                                     :   15.000
DYNAMIC_PAIRS,_SPHERE,_COULOMB,_LENNARD,_MODELLER :        T       F       F       F       T
SPHERE_STDV                                       :    0.050
RADII_FACTOR                                      :    0.820
Current energy                                    :      -54223.8008




<< end of ENERGY.
DOPE score               : -54223.800781
>> Model assessment by GA341 potential

Surface library          : /Users/kehuang/miniconda3/lib/modeller-10.4/modlib/surf5.de
Pair library             : /Users/kehuang/miniconda3/lib/modeller-10.4/modlib/pair9.de
Chain identifier         : _
% sequence identity      :    96.231003
Sequence length          :          452
Compactness              :     0.246934
Native energy (pair)     :  -451.101798
Native energy (surface)  :   -31.374055
Native energy (combined) :   -14.224855
Z score (pair)           :   -11.990544
Z score (surface)        :    -9.678732
Z score (combined)       :   -13.745380
GA341 score              :     1.000000



>> ENERGY; Differences between the model's features and restraints:
Number of all residues in MODEL                   :      472
Number of all, selected real atoms                :     3736    3736
Number of all, selected pseudo atoms              :        0       0
Number of all static, selected restraints         :    45979   45979
COVALENT_CYS                                      :        F
NONBONDED_SEL_ATOMS                               :        1
Number of non-bonded pairs (excluding 1-2,1-3,1-4):     7770
Dynamic pairs routine                             : 2, NATM x NATM cell sorting
Atomic shift for contacts update (UPDATE_DYNAMIC) :    0.390
LENNARD_JONES_SWITCH                              :    6.500   7.500
COULOMB_JONES_SWITCH                              :    6.500   7.500
RESIDUE_SPAN_RANGE                                :        0   99999
NLOGN_USE                                         :       15
CONTACT_SHELL                                     :    4.000
DYNAMIC_PAIRS,_SPHERE,_COULOMB,_LENNARD,_MODELLER :        T       T       F       F       F
SPHERE_STDV                                       :    0.050
RADII_FACTOR                                      :    0.820
Current energy                                    :        2586.8323





Summary of the restraint violations: 

   NUM     ... number of restraints.
   NUMVI   ... number of restraints with RVIOL > VIOL_REPORT_CUT[i].
   RVIOL   ... relative difference from the best value.
   NUMVP   ... number of restraints with -Ln(pdf) > VIOL_REPORT_CUT2[i].
   RMS_1   ... RMS(feature, minimally_violated_basis_restraint, NUMB).
   RMS_2   ... RMS(feature, best_value, NUMB).
   MOL.PDF ... scaled contribution to -Ln(Molecular pdf).

 #                     RESTRAINT_GROUP      NUM   NUMVI  NUMVP   RMS_1   RMS_2         MOL.PDF     S_i
------------------------------------------------------------------------------------------------------
 1 Bond length potential              :    3833       0      0   0.006   0.006      35.851       1.000
 2 Bond angle potential               :    5191       0      7   1.895   1.895      362.34       1.000
 3 Stereochemical cosine torsion poten:    2521       0     58  46.366  46.366      834.66       1.000
 4 Stereochemical improper torsion pot:    1632       0      2   1.193   1.193      50.426       1.000
 5 Soft-sphere overlap restraints     :    7770       0      0   0.002   0.002      4.3064       1.000
 6 Lennard-Jones 6-12 potential       :       0       0      0   0.000   0.000      0.0000       1.000
 7 Coulomb point-point electrostatic p:       0       0      0   0.000   0.000      0.0000       1.000
 8 H-bonding potential                :       0       0      0   0.000   0.000      0.0000       1.000
 9 Distance restraints 1 (CA-CA)      :    9374       0      0   0.095   0.095      105.58       1.000
10 Distance restraints 2 (N-O)        :    9207       1     10   0.160   0.160      242.08       1.000
11 Mainchain Phi dihedral restraints  :       0       0      0   0.000   0.000      0.0000       1.000
12 Mainchain Psi dihedral restraints  :       0       0      0   0.000   0.000      0.0000       1.000
13 Mainchain Omega dihedral restraints:     470       0      3   3.893   3.893      81.066       1.000
14 Sidechain Chi_1 dihedral restraints:     395       0      1  48.002  48.002      13.336       1.000
15 Sidechain Chi_2 dihedral restraints:     298       0      2  66.403  66.403      85.549       1.000
16 Sidechain Chi_3 dihedral restraints:     132       0      0  48.759  48.759      69.822       1.000
17 Sidechain Chi_4 dihedral restraints:      48       0      0  89.689  89.689      30.143       1.000
18 Disulfide distance restraints      :       0       0      0   0.000   0.000      0.0000       1.000
19 Disulfide angle restraints         :       0       0      0   0.000   0.000      0.0000       1.000
20 Disulfide dihedral angle restraints:       0       0      0   0.000   0.000      0.0000       1.000
21 Lower bound distance restraints    :       0       0      0   0.000   0.000      0.0000       1.000
22 Upper bound distance restraints    :       0       0      0   0.000   0.000      0.0000       1.000
23 Distance restraints 3 (SDCH-MNCH)  :    7370       0      0   0.371   0.371      187.46       1.000
24 Sidechain Chi_5 dihedral restraints:       0       0      0   0.000   0.000      0.0000       1.000
25 Phi/Psi pair of dihedral restraints:     468      28     33  21.626  52.881      48.039       1.000
26 Distance restraints 4 (SDCH-SDCH)  :    5040       0      9   0.773   0.773      436.19       1.000
27 Distance restraints 5 (X-Y)        :       0       0      0   0.000   0.000      0.0000       1.000
28 NMR distance restraints 6 (X-Y)    :       0       0      0   0.000   0.000      0.0000       1.000
29 NMR distance restraints 7 (X-Y)    :       0       0      0   0.000   0.000      0.0000       1.000
30 Minimal distance restraints        :       0       0      0   0.000   0.000      0.0000       1.000
31 Non-bonded restraints              :       0       0      0   0.000   0.000      0.0000       1.000
32 Atomic accessibility restraints    :       0       0      0   0.000   0.000      0.0000       1.000
33 Atomic density restraints          :       0       0      0   0.000   0.000      0.0000       1.000
34 Absolute position restraints       :       0       0      0   0.000   0.000      0.0000       1.000
35 Dihedral angle difference restraint:       0       0      0   0.000   0.000      0.0000       1.000
36 GBSA implicit solvent potential    :       0       0      0   0.000   0.000      0.0000       1.000
37 EM density fitting potential       :       0       0      0   0.000   0.000      0.0000       1.000
38 SAXS restraints                    :       0       0      0   0.000   0.000      0.0000       1.000
39 Symmetry restraints                :       0       0      0   0.000   0.000      0.0000       1.000



# Heavy relative violation of each residue is written to: abl+pep.V99990009
# The profile is NOT normalized by the number of restraints.
# The profiles are smoothed over a window of residues:    1
# The sum of all numbers in the file:   38790.7031



List of the violated restraints:
   A restraint is violated when the relative difference
   from the best value (RVIOL) is larger than CUTOFF.

   ICSR   ... index of a restraint in the current set.
   RESNO  ... residue numbers of the first two atoms.
   ATM    ... IUPAC atom names of the first two atoms.
   FEAT   ... the value of the feature in the model.
   restr  ... the mean of the basis restraint with the smallest
              difference from the model (local minimum).
   viol   ... difference from the local minimum.
   rviol  ... relative difference from the local minimum.
   RESTR  ... the best value (global minimum).
   VIOL   ... difference from the best value.
   RVIOL  ... relative difference from the best value.


-------------------------------------------------------------------------------------------------

Feature 25                           : Phi/Psi pair of dihedral restraints     
List of the RVIOL violations larger than   :       6.5000

    #   ICSR  RESNO1/2 ATM1/2   INDATM1/2    FEAT   restr    viol   rviol   RESTR    VIOL   RVIOL
    1  13197  20T  21K C   N     151  153  -60.78  -62.90   11.81    1.66  -70.20  169.84   12.08
    1         21K  21K N   CA    153  154  -29.18  -40.80                  140.40
    2  13198  21K  22G C   N     160  162  -95.39  -62.40   38.56    5.84   82.20 -179.94   13.04
    2         22G  22G N   CA    162  163  -21.24  -41.20                    8.50
    3  13208  31N  32H C   N     240  242  -53.89  -63.20   12.37    1.43 -125.60 -174.80    8.13
    3         32H  32H N   CA    242  243  -50.44  -42.30                  138.80
    4  13209  32H  33N C   N     250  252  -94.68 -119.90   25.76    0.94  -63.20  175.68   20.38
    4         33N  33N N   CA    252  253  131.73  137.00                  -41.10
    5  13210  33N  34G C   N     258  260  -57.46  -62.40   37.22    5.81   82.20  140.25    9.85
    5         34G  34G N   CA    260  261   -4.31  -41.20                    8.50
    6  13314 137H 138H C   N    1086 1088  -61.41  -63.20    3.80    0.40 -125.60 -173.09    8.11
    6        138H 138H N   CA   1088 1089  -45.66  -42.30                  138.80
    7  13327 150L 151H C   N    1181 1183 -115.52  -63.20   53.42    8.92 -125.60  168.41    6.59
    7        151H 151H N   CA   1183 1184  -53.09  -42.30                  138.80
    8  13410 233P 234N C   N    1860 1862 -107.27  -63.20   83.06    8.93  -63.20   83.06    8.93
    8        234N 234N N   CA   1862 1863   29.31  -41.10                  -41.10
    9  13474 297I 298H C   N    2386 2388  -74.53  -63.20   12.42    2.13 -125.60 -178.84    7.72
    9        298H 298H N   CA   2388 2389  -47.39  -42.30                  138.80
   10  13476 299R 300N C   N    2407 2409 -146.24 -119.90   86.76    4.45  -63.20  126.51   13.87
   10        300N 300N N   CA   2409 2410   54.34  137.00                  -41.10
   11  13481 304R 305N C   N    2444 2446 -100.54  -63.20   76.81    8.26  -63.20   76.81    8.26
   11        305N 305N N   CA   2446 2447   26.02  -41.10                  -41.10
   12  13488 311N 312H C   N    2494 2496   59.58   56.30    9.59    0.69 -125.60 -155.02    8.99
   12        312H 312H N   CA   2496 2497   31.78   40.80                  138.80
   13  13603 426I 427H C   N    3427 3429  -63.56  -63.20    0.36    0.05 -125.60 -170.60    8.19
   13        427H 427H N   CA   3429 3430  -42.25  -42.30                  138.80
   14  13610 433M 434F C   N    3486 3488  -86.89  -63.20   57.93    6.72  -63.20   57.93    6.72
   14        434F 434F N   CA   3488 3489    8.56  -44.30                  -44.30
   15  13626 449K 450Q C   N    3613 3615  -68.52  -73.00    4.77    0.36  -63.80  177.43   26.34
   15        450Q 450Q N   CA   3615 3616  142.33  140.70                  -40.30
   16  13627 450Q 451G C   N    3622 3624  -77.96  -80.20   11.73    0.35   82.20 -137.75    7.10
   16        451G 451G N   CA   3624 3625  162.59  174.10                    8.50
   17  13628 453W 454G C   N    3648 3650 -128.28  -62.40   69.78   13.12   82.20  166.27    7.73
   17        454G 454G N   CA   3650 3651  -64.23  -41.20                    8.50
   18  13631 456G 457G C   N    3660 3662 -115.62  -80.20   35.42    2.38   82.20 -128.63   17.71
   18        457G 457G N   CA   3662 3663  173.51  174.10                    8.50
   19  13632 457G 458G C   N    3664 3666 -118.99  -80.20   38.87    2.66   82.20 -132.42   17.41
   19        458G 458G N   CA   3666 3667  171.51  174.10                    8.50
   20  13633 458G 459G C   N    3668 3670 -122.06  -80.20   47.66    3.52   82.20 -148.70   16.32
   20        459G 459G N   CA   3670 3671  151.32  174.10                    8.50
   21  13634 459G 460G C   N    3672 3674  -95.74  -80.20   33.24    0.77   82.20 -117.33   18.73
   21        460G 460G N   CA   3674 3675 -156.51  174.10                    8.50
   22  13637 462G 463G C   N    3684 3686 -170.74 -167.20   38.56    1.55   82.20  166.64   12.53
   22        463G 463G N   CA   3686 3687  136.20  174.60                    8.50
   23  13638 463G 464G C   N    3688 3690  -67.46  -62.40    6.19    0.92   82.20  156.61   11.82
   23        464G 464G N   CA   3690 3691  -37.64  -41.20                    8.50
   24  13639 464G 465G C   N    3692 3694   98.50   78.70   26.20    0.66   82.20  169.03    9.02
   24        465G 465G N   CA   3694 3695  176.74 -166.10                    8.50
   25  13640 465G 466G C   N    3696 3698 -118.84  -80.20   40.98    3.00   82.20 -140.11   16.93
   25        466G 466G N   CA   3698 3699  160.44  174.10                    8.50
   26  13641 466G 467G C   N    3700 3702 -154.83 -167.20   16.54    0.34   82.20 -162.06   14.78
   26        467G 467G N   CA   3702 3703  163.61  174.60                    8.50
   27  13642 467G 468G C   N    3704 3706  128.66   78.70   49.99    2.48   82.20 -177.56    6.55
   27        468G 468G N   CA   3706 3707 -167.93 -166.10                    8.50
   28  13644 469G 470G C   N    3712 3714 -127.27 -167.20   47.97    0.84   82.20 -154.76   15.84
   28        470G 470G N   CA   3714 3715  148.01  174.60                    8.50


report______> Distribution of short non-bonded contacts:


DISTANCE1:  0.00 2.10 2.20 2.30 2.40 2.50 2.60 2.70 2.80 2.90 3.00 3.10 3.20 3.30 3.40
DISTANCE2:  2.10 2.20 2.30 2.40 2.50 2.60 2.70 2.80 2.90 3.00 3.10 3.20 3.30 3.40 3.50
FREQUENCY:     0    0    0    0    1   17   25  106  195  336  268  397  546  561  639


<< end of ENERGY.
iupac_m_397W> Atoms were not swapped because of the uncertainty of how to handle the H atom.
iupac_m_397W> Atoms were not swapped because of the uncertainty of how to handle the H atom.
iupac_m_397W> Atoms were not swapped because of the uncertainty of how to handle the H atom.
iupac_m_397W> Atoms were not swapped because of the uncertainty of how to handle the H atom.
iupac_m_397W> Atoms were not swapped because of the uncertainty of how to handle the H atom.
iupac_m_397W> Atoms were not swapped because of the uncertainty of how to handle the H atom.
iupac_m_397W> Atoms were not swapped because of the uncertainty of how to handle the H atom.
iupac_m_397W> Atoms were not swapped because of the uncertainty of how to handle the H atom.
iupac_m_397W> Atoms were not swapped because of the uncertainty of how to handle the H atom.
iupac_m_397W> Atoms were not swapped because of the uncertainty of how to handle the H atom.
iupac_m_397W> Atoms were not swapped because of the uncertainty of how to handle the H atom.
iupac_m_397W> Atoms were not swapped because of the uncertainty of how to handle the H atom.
iupac_m_397W> Atoms were not swapped because of the uncertainty of how to handle the H atom.
iupac_m_397W> Atoms were not swapped because of the uncertainty of how to handle the H atom.
iupac_m_397W> Atoms were not swapped because of the uncertainty of how to handle the H atom.
iupac_m_397W> Atoms were not swapped because of the uncertainty of how to handle the H atom.
>> Model assessment by DOPE potential
iatmcls_286W> MODEL atom not classified:  VAL:OXT  VAL
iatmcls_286W> MODEL atom not classified:  TRP:OXT  TRP


>> ENERGY; Differences between the model's features and restraints:
Number of all residues in MODEL                   :      472
Number of all, selected real atoms                :     3736    3736
Number of all, selected pseudo atoms              :        0       0
Number of all static, selected restraints         :    45979   45979
COVALENT_CYS                                      :        F
NONBONDED_SEL_ATOMS                               :        1
Number of non-bonded pairs (excluding 1-2,1-3,1-4):   764401
Dynamic pairs routine                             : 1, NATM x NATM double loop
Atomic shift for contacts update (UPDATE_DYNAMIC) :    0.390
LENNARD_JONES_SWITCH                              :    6.500   7.500
COULOMB_JONES_SWITCH                              :    6.500   7.500
RESIDUE_SPAN_RANGE                                :        1    9999
NLOGN_USE                                         :       15
CONTACT_SHELL                                     :   15.000
DYNAMIC_PAIRS,_SPHERE,_COULOMB,_LENNARD,_MODELLER :        T       F       F       F       T
SPHERE_STDV                                       :    0.050
RADII_FACTOR                                      :    0.820
Current energy                                    :      -54345.4375




<< end of ENERGY.
DOPE score               : -54345.437500
>> Model assessment by GA341 potential

Surface library          : /Users/kehuang/miniconda3/lib/modeller-10.4/modlib/surf5.de
Pair library             : /Users/kehuang/miniconda3/lib/modeller-10.4/modlib/pair9.de
Chain identifier         : _
% sequence identity      :    96.231003
Sequence length          :          452
Compactness              :     0.243368
Native energy (pair)     :  -460.924749
Native energy (surface)  :   -29.817320
Native energy (combined) :   -14.104435
Z score (pair)           :   -12.068888
Z score (surface)        :    -9.252571
Z score (combined)       :   -13.534571
GA341 score              :     1.000000



>> ENERGY; Differences between the model's features and restraints:
Number of all residues in MODEL                   :      472
Number of all, selected real atoms                :     3736    3736
Number of all, selected pseudo atoms              :        0       0
Number of all static, selected restraints         :    45979   45979
COVALENT_CYS                                      :        F
NONBONDED_SEL_ATOMS                               :        1
Number of non-bonded pairs (excluding 1-2,1-3,1-4):     7795
Dynamic pairs routine                             : 2, NATM x NATM cell sorting
Atomic shift for contacts update (UPDATE_DYNAMIC) :    0.390
LENNARD_JONES_SWITCH                              :    6.500   7.500
COULOMB_JONES_SWITCH                              :    6.500   7.500
RESIDUE_SPAN_RANGE                                :        0   99999
NLOGN_USE                                         :       15
CONTACT_SHELL                                     :    4.000
DYNAMIC_PAIRS,_SPHERE,_COULOMB,_LENNARD,_MODELLER :        T       T       F       F       F
SPHERE_STDV                                       :    0.050
RADII_FACTOR                                      :    0.820
Current energy                                    :        2844.5354





Summary of the restraint violations: 

   NUM     ... number of restraints.
   NUMVI   ... number of restraints with RVIOL > VIOL_REPORT_CUT[i].
   RVIOL   ... relative difference from the best value.
   NUMVP   ... number of restraints with -Ln(pdf) > VIOL_REPORT_CUT2[i].
   RMS_1   ... RMS(feature, minimally_violated_basis_restraint, NUMB).
   RMS_2   ... RMS(feature, best_value, NUMB).
   MOL.PDF ... scaled contribution to -Ln(Molecular pdf).

 #                     RESTRAINT_GROUP      NUM   NUMVI  NUMVP   RMS_1   RMS_2         MOL.PDF     S_i
------------------------------------------------------------------------------------------------------
 1 Bond length potential              :    3833       0      0   0.006   0.006      39.917       1.000
 2 Bond angle potential               :    5191       0      5   1.899   1.899      367.59       1.000
 3 Stereochemical cosine torsion poten:    2521       0     54  46.341  46.341      836.00       1.000
 4 Stereochemical improper torsion pot:    1632       0      2   1.201   1.201      51.138       1.000
 5 Soft-sphere overlap restraints     :    7795       0      1   0.003   0.003      8.2227       1.000
 6 Lennard-Jones 6-12 potential       :       0       0      0   0.000   0.000      0.0000       1.000
 7 Coulomb point-point electrostatic p:       0       0      0   0.000   0.000      0.0000       1.000
 8 H-bonding potential                :       0       0      0   0.000   0.000      0.0000       1.000
 9 Distance restraints 1 (CA-CA)      :    9374       0      0   0.103   0.103      124.21       1.000
10 Distance restraints 2 (N-O)        :    9207       0     12   0.165   0.165      263.61       1.000
11 Mainchain Phi dihedral restraints  :       0       0      0   0.000   0.000      0.0000       1.000
12 Mainchain Psi dihedral restraints  :       0       0      0   0.000   0.000      0.0000       1.000
13 Mainchain Omega dihedral restraints:     470       1      2   8.928   8.928      72.335       1.000
14 Sidechain Chi_1 dihedral restraints:     395       0      1  50.017  50.017      8.4269       1.000
15 Sidechain Chi_2 dihedral restraints:     298       0      1  62.850  62.850      57.139       1.000
16 Sidechain Chi_3 dihedral restraints:     132       0      1  64.223  64.223      85.664       1.000
17 Sidechain Chi_4 dihedral restraints:      48       0      0  86.585  86.585      28.229       1.000
18 Disulfide distance restraints      :       0       0      0   0.000   0.000      0.0000       1.000
19 Disulfide angle restraints         :       0       0      0   0.000   0.000      0.0000       1.000
20 Disulfide dihedral angle restraints:       0       0      0   0.000   0.000      0.0000       1.000
21 Lower bound distance restraints    :       0       0      0   0.000   0.000      0.0000       1.000
22 Upper bound distance restraints    :       0       0      0   0.000   0.000      0.0000       1.000
23 Distance restraints 3 (SDCH-MNCH)  :    7370       0      0   0.397   0.397      216.11       1.000
24 Sidechain Chi_5 dihedral restraints:       0       0      0   0.000   0.000      0.0000       1.000
25 Phi/Psi pair of dihedral restraints:     468      28     32  21.973  52.675      67.194       1.000
26 Distance restraints 4 (SDCH-SDCH)  :    5040       5     65   0.911   0.911      618.75       1.000
27 Distance restraints 5 (X-Y)        :       0       0      0   0.000   0.000      0.0000       1.000
28 NMR distance restraints 6 (X-Y)    :       0       0      0   0.000   0.000      0.0000       1.000
29 NMR distance restraints 7 (X-Y)    :       0       0      0   0.000   0.000      0.0000       1.000
30 Minimal distance restraints        :       0       0      0   0.000   0.000      0.0000       1.000
31 Non-bonded restraints              :       0       0      0   0.000   0.000      0.0000       1.000
32 Atomic accessibility restraints    :       0       0      0   0.000   0.000      0.0000       1.000
33 Atomic density restraints          :       0       0      0   0.000   0.000      0.0000       1.000
34 Absolute position restraints       :       0       0      0   0.000   0.000      0.0000       1.000
35 Dihedral angle difference restraint:       0       0      0   0.000   0.000      0.0000       1.000
36 GBSA implicit solvent potential    :       0       0      0   0.000   0.000      0.0000       1.000
37 EM density fitting potential       :       0       0      0   0.000   0.000      0.0000       1.000
38 SAXS restraints                    :       0       0      0   0.000   0.000      0.0000       1.000
39 Symmetry restraints                :       0       0      0   0.000   0.000      0.0000       1.000



# Heavy relative violation of each residue is written to: abl+pep.V99990010
# The profile is NOT normalized by the number of restraints.
# The profiles are smoothed over a window of residues:    1
# The sum of all numbers in the file:   39274.3320



List of the violated restraints:
   A restraint is violated when the relative difference
   from the best value (RVIOL) is larger than CUTOFF.

   ICSR   ... index of a restraint in the current set.
   RESNO  ... residue numbers of the first two atoms.
   ATM    ... IUPAC atom names of the first two atoms.
   FEAT   ... the value of the feature in the model.
   restr  ... the mean of the basis restraint with the smallest
              difference from the model (local minimum).
   viol   ... difference from the local minimum.
   rviol  ... relative difference from the local minimum.
   RESTR  ... the best value (global minimum).
   VIOL   ... difference from the best value.
   RVIOL  ... relative difference from the best value.


-------------------------------------------------------------------------------------------------

Feature 13                           : Mainchain Omega dihedral restraints     
List of the RVIOL violations larger than   :       4.5000

    #   ICSR  RESNO1/2 ATM1/2   INDATM1/2    FEAT   restr    viol   rviol   RESTR    VIOL   RVIOL
    1  14097 453W 453W CA  C    3637 3648   -2.69 -179.18  176.50   41.02 -179.18  176.50   41.02

-------------------------------------------------------------------------------------------------

Feature 25                           : Phi/Psi pair of dihedral restraints     
List of the RVIOL violations larger than   :       6.5000

    #   ICSR  RESNO1/2 ATM1/2   INDATM1/2    FEAT   restr    viol   rviol   RESTR    VIOL   RVIOL
    1  13208  31N  32H C   N     240  242  -57.73  -63.20    5.87    0.80 -125.60 -170.65    8.25
    1         32H  32H N   CA    242  243  -44.43  -42.30                  138.80
    2  13313 136V 137H C   N    1076 1078  -63.15  -63.20    0.26    0.04 -125.60 -170.27    8.20
    2        137H 137H N   CA   1078 1079  -42.04  -42.30                  138.80
    3  13314 137H 138H C   N    1086 1088  -61.79  -63.20    6.14    0.69 -125.60 -175.68    8.01
    3        138H 138H N   CA   1088 1089  -48.28  -42.30                  138.80
    4  13320 143A 144D C   N    1131 1133   68.49   54.50  135.02    8.83   54.50  135.02    8.83
    4        144D 144D N   CA   1133 1134  -93.39   40.90                   40.90
    5  13321 144D 145G C   N    1139 1141  -97.98  -62.40   40.45    6.23   82.20 -177.62   11.00
    5        145G 145G N   CA   1141 1142  -21.95  -41.20                    8.50
    6  13410 233P 234N C   N    1860 1862 -108.31  -63.20   85.13    9.15  -63.20   85.13    9.15
    6        234N 234N N   CA   1862 1863   31.10  -41.10                  -41.10
    7  13474 297I 298H C   N    2386 2388  -72.97  -63.20   11.83    2.03 -125.60 -179.90    7.70
    7        298H 298H N   CA   2388 2389  -48.96  -42.30                  138.80
    8  13476 299R 300N C   N    2407 2409 -148.22 -119.90   88.43    4.56  -63.20  126.98   13.98
    8        300N 300N N   CA   2409 2410   53.22  137.00                  -41.10
    9  13488 311N 312H C   N    2494 2496   58.30   56.30    8.96    0.67 -125.60 -154.08    9.03
    9        312H 312H N   CA   2496 2497   32.07   40.80                  138.80
   10  13497 320G 321L C   N    2563 2565  -88.12  -63.50   60.15    7.39  -63.50   60.15    7.39
   10        321L 321L N   CA   2565 2566   13.67  -41.20                  -41.20
   11  13603 426I 427H C   N    3427 3429  -64.30  -63.20    1.12    0.17 -125.60 -170.73    8.17
   11        427H 427H N   CA   3429 3430  -42.14  -42.30                  138.80
   12  13610 433M 434F C   N    3486 3488  -88.03  -63.20   59.41    6.87  -63.20   59.41    6.87
   12        434F 434F N   CA   3488 3489    9.67  -44.30                  -44.30
   13  13626 449K 450Q C   N    3613 3615  -46.96  -73.00   26.04    1.86  -63.80  179.53   25.54
   13        450Q 450Q N   CA   3615 3616  140.96  140.70                  -40.30
   14  13627 450Q 451G C   N    3622 3624 -138.84 -167.20   28.39    0.51   82.20 -144.50   16.22
   14        451G 451G N   CA   3624 3625  173.22  174.60                    8.50
   15  13628 453W 454G C   N    3648 3650 -174.48 -167.20   37.55    1.53   82.20  165.47   12.37
   15        454G 454G N   CA   3650 3651  137.76  174.60                    8.50
   16  13629 454G 455G C   N    3652 3654 -101.23  -80.20   21.14    1.34   82.20 -116.39   18.76
   16        455G 455G N   CA   3654 3655  176.33  174.10                    8.50
   17  13630 455G 456G C   N    3656 3658   67.81   78.70   20.49    0.32   82.20  157.91    8.39
   17        456G 456G N   CA   3658 3659 -148.75 -166.10                    8.50
   18  13631 456G 457G C   N    3660 3662   79.49   78.70   11.32    0.36   82.20  163.33    8.07
   18        457G 457G N   CA   3662 3663 -154.80 -166.10                    8.50
   19  13633 458G 459G C   N    3668 3670  -66.17  -80.20   36.01    0.86   82.20 -161.12    6.64
   19        459G 459G N   CA   3670 3671  140.94  174.10                    8.50
   20  13634 459G 460G C   N    3672 3674  -85.30  -80.20    6.85    0.49   82.20 -127.65    7.43
   20        460G 460G N   CA   3674 3675  169.53  174.10                    8.50
   21  13635 460G 461G C   N    3676 3678 -133.19 -167.20   50.44    1.19   82.20 -166.31   14.99
   21        461G 461G N   CA   3678 3679  137.36  174.60                    8.50
   22  13636 461G 462G C   N    3680 3682  -98.27  -80.20   32.43    0.80   82.20 -114.49    7.99
   22        462G 462G N   CA   3682 3683 -158.96  174.10                    8.50
   23  13637 462G 463G C   N    3684 3686   77.80   78.70    1.59    0.08   82.20  175.97    8.76
   23        463G 463G N   CA   3686 3687 -167.41 -166.10                    8.50
   24  13638 463G 464G C   N    3688 3690  179.10 -167.20   13.93    0.33   82.20 -169.89   13.53
   24        464G 464G N   CA   3690 3691  172.07  174.60                    8.50
   25  13639 464G 465G C   N    3692 3694  -89.05  -80.20   27.87    0.71   82.20 -120.12   18.43
   25        465G 465G N   CA   3694 3695 -159.47  174.10                    8.50
   26  13640 465G 466G C   N    3696 3698 -161.01 -167.20    8.71    0.33   82.20 -151.92   15.16
   26        466G 466G N   CA   3698 3699 -179.29  174.60                    8.50
   27  13641 466G 467G C   N    3700 3702 -118.95  -80.20   43.20    3.19   82.20 -143.92   16.68
   27        467G 467G N   CA   3702 3703  154.99  174.10                    8.50
   28  13642 467G 468G C   N    3704 3706 -131.11 -167.20   36.12    0.65   82.20 -139.50   16.71
   28        468G 468G N   CA   3706 3707  173.13  174.60                    8.50

-------------------------------------------------------------------------------------------------

Feature 26                           : Distance restraints 4 (SDCH-SDCH)       
List of the RVIOL violations larger than   :       4.5000

    #   ICSR  RESNO1/2 ATM1/2   INDATM1/2    FEAT   restr    viol   rviol   RESTR    VIOL   RVIOL
    1  43482 223E 472W CG  NE1  1779 3728   10.04    3.68    6.36    4.62    3.68    6.36    4.62
    2  44434 296F 472W CB  CZ3  2371 3732   11.74    4.99    6.76    4.85    4.99    6.76    4.85
    3  44440 296F 472W CD1 CZ3  2373 3732   10.78    4.50    6.29    4.53    4.50    6.29    4.53
    4  44727 319F 472W CB  CZ2  2552 3731    8.59    2.27    6.32    4.63    2.27    6.32    4.63
    5  44735 319F 472W CG  CZ2  2553 3731    9.14    2.94    6.20    4.55    2.94    6.20    4.55


report______> Distribution of short non-bonded contacts:


DISTANCE1:  0.00 2.10 2.20 2.30 2.40 2.50 2.60 2.70 2.80 2.90 3.00 3.10 3.20 3.30 3.40
DISTANCE2:  2.10 2.20 2.30 2.40 2.50 2.60 2.70 2.80 2.90 3.00 3.10 3.20 3.30 3.40 3.50
FREQUENCY:     0    0    0    0    1   20   34  112  180  320  301  397  522  577  630


<< end of ENERGY.
iupac_m_397W> Atoms were not swapped because of the uncertainty of how to handle the H atom.
iupac_m_397W> Atoms were not swapped because of the uncertainty of how to handle the H atom.
iupac_m_397W> Atoms were not swapped because of the uncertainty of how to handle the H atom.
iupac_m_397W> Atoms were not swapped because of the uncertainty of how to handle the H atom.
iupac_m_397W> Atoms were not swapped because of the uncertainty of how to handle the H atom.
iupac_m_397W> Atoms were not swapped because of the uncertainty of how to handle the H atom.
iupac_m_397W> Atoms were not swapped because of the uncertainty of how to handle the H atom.
iupac_m_397W> Atoms were not swapped because of the uncertainty of how to handle the H atom.
iupac_m_397W> Atoms were not swapped because of the uncertainty of how to handle the H atom.
iupac_m_397W> Atoms were not swapped because of the uncertainty of how to handle the H atom.
iupac_m_484W> Dihedral still outside +-90:       90.3106
iupac_m_397W> Atoms were not swapped because of the uncertainty of how to handle the H atom.
iupac_m_397W> Atoms were not swapped because of the uncertainty of how to handle the H atom.
iupac_m_397W> Atoms were not swapped because of the uncertainty of how to handle the H atom.
iupac_m_397W> Atoms were not swapped because of the uncertainty of how to handle the H atom.
iupac_m_397W> Atoms were not swapped because of the uncertainty of how to handle the H atom.
>> Model assessment by DOPE potential
iatmcls_286W> MODEL atom not classified:  VAL:OXT  VAL
iatmcls_286W> MODEL atom not classified:  TRP:OXT  TRP


>> ENERGY; Differences between the model's features and restraints:
Number of all residues in MODEL                   :      472
Number of all, selected real atoms                :     3736    3736
Number of all, selected pseudo atoms              :        0       0
Number of all static, selected restraints         :    45979   45979
COVALENT_CYS                                      :        F
NONBONDED_SEL_ATOMS                               :        1
Number of non-bonded pairs (excluding 1-2,1-3,1-4):   761848
Dynamic pairs routine                             : 1, NATM x NATM double loop
Atomic shift for contacts update (UPDATE_DYNAMIC) :    0.390
LENNARD_JONES_SWITCH                              :    6.500   7.500
COULOMB_JONES_SWITCH                              :    6.500   7.500
RESIDUE_SPAN_RANGE                                :        1    9999
NLOGN_USE                                         :       15
CONTACT_SHELL                                     :   15.000
DYNAMIC_PAIRS,_SPHERE,_COULOMB,_LENNARD,_MODELLER :        T       F       F       F       T
SPHERE_STDV                                       :    0.050
RADII_FACTOR                                      :    0.820
Current energy                                    :      -54511.9297




<< end of ENERGY.
DOPE score               : -54511.929688
>> Model assessment by GA341 potential

Surface library          : /Users/kehuang/miniconda3/lib/modeller-10.4/modlib/surf5.de
Pair library             : /Users/kehuang/miniconda3/lib/modeller-10.4/modlib/pair9.de
Chain identifier         : _
% sequence identity      :    96.231003
Sequence length          :          452
Compactness              :     0.242784
Native energy (pair)     :  -445.587910
Native energy (surface)  :   -29.631462
Native energy (combined) :   -13.925068
Z score (pair)           :   -12.168706
Z score (surface)        :    -9.314434
Z score (combined)       :   -13.538137
GA341 score              :     1.000000



>> ENERGY; Differences between the model's features and restraints:
Number of all residues in MODEL                   :      472
Number of all, selected real atoms                :     3736    3736
Number of all, selected pseudo atoms              :        0       0
Number of all static, selected restraints         :    45979   45979
COVALENT_CYS                                      :        F
NONBONDED_SEL_ATOMS                               :        1
Number of non-bonded pairs (excluding 1-2,1-3,1-4):     7707
Dynamic pairs routine                             : 2, NATM x NATM cell sorting
Atomic shift for contacts update (UPDATE_DYNAMIC) :    0.390
LENNARD_JONES_SWITCH                              :    6.500   7.500
COULOMB_JONES_SWITCH                              :    6.500   7.500
RESIDUE_SPAN_RANGE                                :        0   99999
NLOGN_USE                                         :       15
CONTACT_SHELL                                     :    4.000
DYNAMIC_PAIRS,_SPHERE,_COULOMB,_LENNARD,_MODELLER :        T       T       F       F       F
SPHERE_STDV                                       :    0.050
RADII_FACTOR                                      :    0.820
Current energy                                    :        2430.7012





Summary of the restraint violations: 

   NUM     ... number of restraints.
   NUMVI   ... number of restraints with RVIOL > VIOL_REPORT_CUT[i].
   RVIOL   ... relative difference from the best value.
   NUMVP   ... number of restraints with -Ln(pdf) > VIOL_REPORT_CUT2[i].
   RMS_1   ... RMS(feature, minimally_violated_basis_restraint, NUMB).
   RMS_2   ... RMS(feature, best_value, NUMB).
   MOL.PDF ... scaled contribution to -Ln(Molecular pdf).

 #                     RESTRAINT_GROUP      NUM   NUMVI  NUMVP   RMS_1   RMS_2         MOL.PDF     S_i
------------------------------------------------------------------------------------------------------
 1 Bond length potential              :    3833       0      0   0.006   0.006      34.305       1.000
 2 Bond angle potential               :    5191       0      4   1.820   1.820      338.08       1.000
 3 Stereochemical cosine torsion poten:    2521       0     58  46.342  46.342      837.78       1.000
 4 Stereochemical improper torsion pot:    1632       0      0   1.090   1.090      42.563       1.000
 5 Soft-sphere overlap restraints     :    7707       0      0   0.002   0.002      5.1992       1.000
 6 Lennard-Jones 6-12 potential       :       0       0      0   0.000   0.000      0.0000       1.000
 7 Coulomb point-point electrostatic p:       0       0      0   0.000   0.000      0.0000       1.000
 8 H-bonding potential                :       0       0      0   0.000   0.000      0.0000       1.000
 9 Distance restraints 1 (CA-CA)      :    9374       0      0   0.098   0.098      99.144       1.000
10 Distance restraints 2 (N-O)        :    9207       0      2   0.142   0.142      179.10       1.000
11 Mainchain Phi dihedral restraints  :       0       0      0   0.000   0.000      0.0000       1.000
12 Mainchain Psi dihedral restraints  :       0       0      0   0.000   0.000      0.0000       1.000
13 Mainchain Omega dihedral restraints:     470       0      2   3.669   3.669      71.832       1.000
14 Sidechain Chi_1 dihedral restraints:     395       0      2  47.627  47.627      5.4696       1.000
15 Sidechain Chi_2 dihedral restraints:     298       0      3  62.887  62.887      77.143       1.000
16 Sidechain Chi_3 dihedral restraints:     132       0      0  51.210  51.210      72.273       1.000
17 Sidechain Chi_4 dihedral restraints:      48       0      0  85.472  85.472      32.423       1.000
18 Disulfide distance restraints      :       0       0      0   0.000   0.000      0.0000       1.000
19 Disulfide angle restraints         :       0       0      0   0.000   0.000      0.0000       1.000
20 Disulfide dihedral angle restraints:       0       0      0   0.000   0.000      0.0000       1.000
21 Lower bound distance restraints    :       0       0      0   0.000   0.000      0.0000       1.000
22 Upper bound distance restraints    :       0       0      0   0.000   0.000      0.0000       1.000
23 Distance restraints 3 (SDCH-MNCH)  :    7370       0      0   0.377   0.377      178.98       1.000
24 Sidechain Chi_5 dihedral restraints:       0       0      0   0.000   0.000      0.0000       1.000
25 Phi/Psi pair of dihedral restraints:     468      27     25  21.154  51.495      34.837       1.000
26 Distance restraints 4 (SDCH-SDCH)  :    5040       0     10   0.786   0.786      421.57       1.000
27 Distance restraints 5 (X-Y)        :       0       0      0   0.000   0.000      0.0000       1.000
28 NMR distance restraints 6 (X-Y)    :       0       0      0   0.000   0.000      0.0000       1.000
29 NMR distance restraints 7 (X-Y)    :       0       0      0   0.000   0.000      0.0000       1.000
30 Minimal distance restraints        :       0       0      0   0.000   0.000      0.0000       1.000
31 Non-bonded restraints              :       0       0      0   0.000   0.000      0.0000       1.000
32 Atomic accessibility restraints    :       0       0      0   0.000   0.000      0.0000       1.000
33 Atomic density restraints          :       0       0      0   0.000   0.000      0.0000       1.000
34 Absolute position restraints       :       0       0      0   0.000   0.000      0.0000       1.000
35 Dihedral angle difference restraint:       0       0      0   0.000   0.000      0.0000       1.000
36 GBSA implicit solvent potential    :       0       0      0   0.000   0.000      0.0000       1.000
37 EM density fitting potential       :       0       0      0   0.000   0.000      0.0000       1.000
38 SAXS restraints                    :       0       0      0   0.000   0.000      0.0000       1.000
39 Symmetry restraints                :       0       0      0   0.000   0.000      0.0000       1.000



# Heavy relative violation of each residue is written to: abl+pep.V99990011
# The profile is NOT normalized by the number of restraints.
# The profiles are smoothed over a window of residues:    1
# The sum of all numbers in the file:   37009.0820



List of the violated restraints:
   A restraint is violated when the relative difference
   from the best value (RVIOL) is larger than CUTOFF.

   ICSR   ... index of a restraint in the current set.
   RESNO  ... residue numbers of the first two atoms.
   ATM    ... IUPAC atom names of the first two atoms.
   FEAT   ... the value of the feature in the model.
   restr  ... the mean of the basis restraint with the smallest
              difference from the model (local minimum).
   viol   ... difference from the local minimum.
   rviol  ... relative difference from the local minimum.
   RESTR  ... the best value (global minimum).
   VIOL   ... difference from the best value.
   RVIOL  ... relative difference from the best value.


-------------------------------------------------------------------------------------------------

Feature 25                           : Phi/Psi pair of dihedral restraints     
List of the RVIOL violations larger than   :       6.5000

    #   ICSR  RESNO1/2 ATM1/2   INDATM1/2    FEAT   restr    viol   rviol   RESTR    VIOL   RVIOL
    1  13188  11A  12S C   N      89   91 -138.72  -64.10  105.31    8.54  -64.10  105.31    8.54
    1         12S  12S N   CA     91   92   39.30  -35.00                  -35.00
    2  13208  31N  32H C   N     240  242  -57.56  -63.20    6.39    0.82 -125.60 -171.42    8.22
    2         32H  32H N   CA    242  243  -45.32  -42.30                  138.80
    3  13313 136V 137H C   N    1076 1078  -64.07  -63.20    1.13    0.13 -125.60 -170.13    8.20
    3        137H 137H N   CA   1078 1079  -41.58  -42.30                  138.80
    4  13314 137H 138H C   N    1086 1088  -60.45  -63.20    5.94    0.63 -125.60 -174.54    8.07
    4        138H 138H N   CA   1088 1089  -47.56  -42.30                  138.80
    5  13327 150L 151H C   N    1181 1183 -114.67  -63.20   52.52    8.76 -125.60  168.80    6.62
    5        151H 151H N   CA   1183 1184  -52.75  -42.30                  138.80
    6  13410 233P 234N C   N    1860 1862 -108.67  -63.20   85.25    9.16  -63.20   85.25    9.16
    6        234N 234N N   CA   1862 1863   31.01  -41.10                  -41.10
    7  13474 297I 298H C   N    2386 2388  -73.58  -63.20   12.29    2.11 -125.60 -179.99    7.69
    7        298H 298H N   CA   2388 2389  -48.88  -42.30                  138.80
    8  13476 299R 300N C   N    2407 2409 -146.70 -119.90   91.00    4.66  -63.20  123.60   13.64
    8        300N 300N N   CA   2409 2410   50.04  137.00                  -41.10
    9  13481 304R 305N C   N    2444 2446 -100.10  -63.20   75.36    8.10  -63.20   75.36    8.10
    9        305N 305N N   CA   2446 2447   24.61  -41.10                  -41.10
   10  13488 311N 312H C   N    2494 2496   59.96   56.30   10.02    0.72 -125.60 -155.18    8.99
   10        312H 312H N   CA   2496 2497   31.47   40.80                  138.80
   11  13603 426I 427H C   N    3427 3429  -63.39  -63.20    1.47    0.20 -125.60 -171.97    8.13
   11        427H 427H N   CA   3429 3430  -43.76  -42.30                  138.80
   12  13610 433M 434F C   N    3486 3488  -88.05  -63.20   58.71    6.78  -63.20   58.71    6.78
   12        434F 434F N   CA   3488 3489    8.89  -44.30                  -44.30
   13  13623 446E 447L C   N    3592 3594  -75.96  -63.50   42.69    6.70  -63.50   42.69    6.70
   13        447L 447L N   CA   3594 3595  -82.03  -41.20                  -41.20
   14  13624 447L 448G C   N    3600 3602  -83.08  -62.40   20.86    3.83   82.20  173.41   13.12
   14        448G 448G N   CA   3602 3603  -43.97  -41.20                    8.50
   15  13626 449K 450Q C   N    3613 3615  -94.21  -73.00   22.82    1.46  -63.80  173.25   27.10
   15        450Q 450Q N   CA   3615 3616  149.13  140.70                  -40.30
   16  13627 450Q 451G C   N    3622 3624  -67.92  -80.20   36.49    0.91   82.20 -160.61    6.74
   16        451G 451G N   CA   3624 3625  139.73  174.10                    8.50
   17  13628 453W 454G C   N    3648 3650  159.24 -167.20   33.75    0.56   82.20 -173.61   12.60
   17        454G 454G N   CA   3650 3651  178.22  174.60                    8.50
   18  13629 454G 455G C   N    3652 3654 -174.05 -167.20   10.63    0.41   82.20 -171.01   13.70
   18        455G 455G N   CA   3654 3655  166.47  174.60                    8.50
   19  13630 455G 456G C   N    3656 3658 -174.95 -167.20   23.13    0.95   82.20  177.20   13.02
   19        456G 456G N   CA   3658 3659  152.80  174.60                    8.50
   20  13632 457G 458G C   N    3664 3666 -171.25 -167.20   12.06    0.40   82.20 -153.01   14.77
   20        458G 458G N   CA   3666 3667 -174.04  174.60                    8.50
   21  13633 458G 459G C   N    3668 3670  104.72   78.70   48.00    0.76   82.20  146.80    8.24
   21        459G 459G N   CA   3670 3671  153.56 -166.10                    8.50
   22  13634 459G 460G C   N    3672 3674   97.27   78.70   49.46    0.76   82.20  140.37    7.57
   22        460G 460G N   CA   3674 3675  148.06 -166.10                    8.50
   23  13636 461G 462G C   N    3680 3682  -78.52  -80.20    7.26    0.21   82.20 -134.25    7.12
   23        462G 462G N   CA   3682 3683  167.04  174.10                    8.50
   24  13637 462G 463G C   N    3684 3686  175.72 -167.20   19.03    0.59   82.20 -176.66   13.05
   24        463G 463G N   CA   3686 3687  166.21  174.60                    8.50
   25  13639 464G 465G C   N    3692 3694 -153.06 -167.20   18.50    0.67   82.20 -142.62   15.93
   25        465G 465G N   CA   3694 3695 -173.47  174.60                    8.50
   26  13643 468G 469G C   N    3708 3710  -84.23  -80.20    8.76    0.20   82.20 -119.67    7.36
   26        469G 469G N   CA   3710 3711 -178.12  174.10                    8.50
   27  13644 469G 470G C   N    3712 3714  -85.60  -80.20   16.98    0.43   82.20 -115.16   18.67
   27        470G 470G N   CA   3714 3715 -169.80  174.10                    8.50


report______> Distribution of short non-bonded contacts:


DISTANCE1:  0.00 2.10 2.20 2.30 2.40 2.50 2.60 2.70 2.80 2.90 3.00 3.10 3.20 3.30 3.40
DISTANCE2:  2.10 2.20 2.30 2.40 2.50 2.60 2.70 2.80 2.90 3.00 3.10 3.20 3.30 3.40 3.50
FREQUENCY:     0    0    0    0    0   14   32  106  185  338  265  390  535  576  603


<< end of ENERGY.
iupac_m_397W> Atoms were not swapped because of the uncertainty of how to handle the H atom.
iupac_m_397W> Atoms were not swapped because of the uncertainty of how to handle the H atom.
iupac_m_397W> Atoms were not swapped because of the uncertainty of how to handle the H atom.
iupac_m_397W> Atoms were not swapped because of the uncertainty of how to handle the H atom.
iupac_m_397W> Atoms were not swapped because of the uncertainty of how to handle the H atom.
iupac_m_397W> Atoms were not swapped because of the uncertainty of how to handle the H atom.
iupac_m_397W> Atoms were not swapped because of the uncertainty of how to handle the H atom.
iupac_m_397W> Atoms were not swapped because of the uncertainty of how to handle the H atom.
iupac_m_397W> Atoms were not swapped because of the uncertainty of how to handle the H atom.
iupac_m_397W> Atoms were not swapped because of the uncertainty of how to handle the H atom.
iupac_m_397W> Atoms were not swapped because of the uncertainty of how to handle the H atom.
iupac_m_397W> Atoms were not swapped because of the uncertainty of how to handle the H atom.
iupac_m_397W> Atoms were not swapped because of the uncertainty of how to handle the H atom.
iupac_m_484W> Dihedral still outside +-90:       90.3664
iupac_m_397W> Atoms were not swapped because of the uncertainty of how to handle the H atom.
iupac_m_397W> Atoms were not swapped because of the uncertainty of how to handle the H atom.
iupac_m_397W> Atoms were not swapped because of the uncertainty of how to handle the H atom.
>> Model assessment by DOPE potential
iatmcls_286W> MODEL atom not classified:  VAL:OXT  VAL
iatmcls_286W> MODEL atom not classified:  TRP:OXT  TRP


>> ENERGY; Differences between the model's features and restraints:
Number of all residues in MODEL                   :      472
Number of all, selected real atoms                :     3736    3736
Number of all, selected pseudo atoms              :        0       0
Number of all static, selected restraints         :    45979   45979
COVALENT_CYS                                      :        F
NONBONDED_SEL_ATOMS                               :        1
Number of non-bonded pairs (excluding 1-2,1-3,1-4):   763100
Dynamic pairs routine                             : 1, NATM x NATM double loop
Atomic shift for contacts update (UPDATE_DYNAMIC) :    0.390
LENNARD_JONES_SWITCH                              :    6.500   7.500
COULOMB_JONES_SWITCH                              :    6.500   7.500
RESIDUE_SPAN_RANGE                                :        1    9999
NLOGN_USE                                         :       15
CONTACT_SHELL                                     :   15.000
DYNAMIC_PAIRS,_SPHERE,_COULOMB,_LENNARD,_MODELLER :        T       F       F       F       T
SPHERE_STDV                                       :    0.050
RADII_FACTOR                                      :    0.820
Current energy                                    :      -54643.3086




<< end of ENERGY.
DOPE score               : -54643.308594
>> Model assessment by GA341 potential

Surface library          : /Users/kehuang/miniconda3/lib/modeller-10.4/modlib/surf5.de
Pair library             : /Users/kehuang/miniconda3/lib/modeller-10.4/modlib/pair9.de
Chain identifier         : _
% sequence identity      :    96.231003
Sequence length          :          452
Compactness              :     0.243144
Native energy (pair)     :  -442.919159
Native energy (surface)  :   -32.193237
Native energy (combined) :   -13.995545
Z score (pair)           :   -11.754916
Z score (surface)        :    -9.657386
Z score (combined)       :   -13.603532
GA341 score              :     1.000000



>> ENERGY; Differences between the model's features and restraints:
Number of all residues in MODEL                   :      472
Number of all, selected real atoms                :     3736    3736
Number of all, selected pseudo atoms              :        0       0
Number of all static, selected restraints         :    45979   45979
COVALENT_CYS                                      :        F
NONBONDED_SEL_ATOMS                               :        1
Number of non-bonded pairs (excluding 1-2,1-3,1-4):     7607
Dynamic pairs routine                             : 2, NATM x NATM cell sorting
Atomic shift for contacts update (UPDATE_DYNAMIC) :    0.390
LENNARD_JONES_SWITCH                              :    6.500   7.500
COULOMB_JONES_SWITCH                              :    6.500   7.500
RESIDUE_SPAN_RANGE                                :        0   99999
NLOGN_USE                                         :       15
CONTACT_SHELL                                     :    4.000
DYNAMIC_PAIRS,_SPHERE,_COULOMB,_LENNARD,_MODELLER :        T       T       F       F       F
SPHERE_STDV                                       :    0.050
RADII_FACTOR                                      :    0.820
Current energy                                    :        2651.3684





Summary of the restraint violations: 

   NUM     ... number of restraints.
   NUMVI   ... number of restraints with RVIOL > VIOL_REPORT_CUT[i].
   RVIOL   ... relative difference from the best value.
   NUMVP   ... number of restraints with -Ln(pdf) > VIOL_REPORT_CUT2[i].
   RMS_1   ... RMS(feature, minimally_violated_basis_restraint, NUMB).
   RMS_2   ... RMS(feature, best_value, NUMB).
   MOL.PDF ... scaled contribution to -Ln(Molecular pdf).

 #                     RESTRAINT_GROUP      NUM   NUMVI  NUMVP   RMS_1   RMS_2         MOL.PDF     S_i
------------------------------------------------------------------------------------------------------
 1 Bond length potential              :    3833       0      0   0.006   0.006      37.019       1.000
 2 Bond angle potential               :    5191       0      6   1.864   1.864      356.11       1.000
 3 Stereochemical cosine torsion poten:    2521       0     60  46.445  46.445      842.93       1.000
 4 Stereochemical improper torsion pot:    1632       0      0   1.171   1.171      48.117       1.000
 5 Soft-sphere overlap restraints     :    7607       0      0   0.002   0.002      4.5214       1.000
 6 Lennard-Jones 6-12 potential       :       0       0      0   0.000   0.000      0.0000       1.000
 7 Coulomb point-point electrostatic p:       0       0      0   0.000   0.000      0.0000       1.000
 8 H-bonding potential                :       0       0      0   0.000   0.000      0.0000       1.000
 9 Distance restraints 1 (CA-CA)      :    9374       0      0   0.103   0.103      124.02       1.000
10 Distance restraints 2 (N-O)        :    9207       2     13   0.167   0.167      273.45       1.000
11 Mainchain Phi dihedral restraints  :       0       0      0   0.000   0.000      0.0000       1.000
12 Mainchain Psi dihedral restraints  :       0       0      0   0.000   0.000      0.0000       1.000
13 Mainchain Omega dihedral restraints:     470       1      4   9.133   9.133      78.927       1.000
14 Sidechain Chi_1 dihedral restraints:     395       0      3  47.607  47.607      13.769       1.000
15 Sidechain Chi_2 dihedral restraints:     298       0      3  65.377  65.377      84.853       1.000
16 Sidechain Chi_3 dihedral restraints:     132       0      0  53.246  53.246      73.208       1.000
17 Sidechain Chi_4 dihedral restraints:      48       0      0  89.643  89.643      35.844       1.000
18 Disulfide distance restraints      :       0       0      0   0.000   0.000      0.0000       1.000
19 Disulfide angle restraints         :       0       0      0   0.000   0.000      0.0000       1.000
20 Disulfide dihedral angle restraints:       0       0      0   0.000   0.000      0.0000       1.000
21 Lower bound distance restraints    :       0       0      0   0.000   0.000      0.0000       1.000
22 Upper bound distance restraints    :       0       0      0   0.000   0.000      0.0000       1.000
23 Distance restraints 3 (SDCH-MNCH)  :    7370       0      0   0.397   0.397      206.02       1.000
24 Sidechain Chi_5 dihedral restraints:       0       0      0   0.000   0.000      0.0000       1.000
25 Phi/Psi pair of dihedral restraints:     468      26     33  22.543  52.687      42.988       1.000
26 Distance restraints 4 (SDCH-SDCH)  :    5040       0      8   0.770   0.770      429.59       1.000
27 Distance restraints 5 (X-Y)        :       0       0      0   0.000   0.000      0.0000       1.000
28 NMR distance restraints 6 (X-Y)    :       0       0      0   0.000   0.000      0.0000       1.000
29 NMR distance restraints 7 (X-Y)    :       0       0      0   0.000   0.000      0.0000       1.000
30 Minimal distance restraints        :       0       0      0   0.000   0.000      0.0000       1.000
31 Non-bonded restraints              :       0       0      0   0.000   0.000      0.0000       1.000
32 Atomic accessibility restraints    :       0       0      0   0.000   0.000      0.0000       1.000
33 Atomic density restraints          :       0       0      0   0.000   0.000      0.0000       1.000
34 Absolute position restraints       :       0       0      0   0.000   0.000      0.0000       1.000
35 Dihedral angle difference restraint:       0       0      0   0.000   0.000      0.0000       1.000
36 GBSA implicit solvent potential    :       0       0      0   0.000   0.000      0.0000       1.000
37 EM density fitting potential       :       0       0      0   0.000   0.000      0.0000       1.000
38 SAXS restraints                    :       0       0      0   0.000   0.000      0.0000       1.000
39 Symmetry restraints                :       0       0      0   0.000   0.000      0.0000       1.000



# Heavy relative violation of each residue is written to: abl+pep.V99990012
# The profile is NOT normalized by the number of restraints.
# The profiles are smoothed over a window of residues:    1
# The sum of all numbers in the file:   39233.3398



List of the violated restraints:
   A restraint is violated when the relative difference
   from the best value (RVIOL) is larger than CUTOFF.

   ICSR   ... index of a restraint in the current set.
   RESNO  ... residue numbers of the first two atoms.
   ATM    ... IUPAC atom names of the first two atoms.
   FEAT   ... the value of the feature in the model.
   restr  ... the mean of the basis restraint with the smallest
              difference from the model (local minimum).
   viol   ... difference from the local minimum.
   rviol  ... relative difference from the local minimum.
   RESTR  ... the best value (global minimum).
   VIOL   ... difference from the best value.
   RVIOL  ... relative difference from the best value.


-------------------------------------------------------------------------------------------------

Feature 25                           : Phi/Psi pair of dihedral restraints     
List of the RVIOL violations larger than   :       6.5000

    #   ICSR  RESNO1/2 ATM1/2   INDATM1/2    FEAT   restr    viol   rviol   RESTR    VIOL   RVIOL
    1  13208  31N  32H C   N     240  242  -56.89  -63.20    7.07    0.92 -125.60 -171.34    8.23
    1         32H  32H N   CA    242  243  -45.50  -42.30                  138.80
    2  13259  82I  83N C   N     644  646  -55.70  -63.20   10.17    1.65  -71.20  177.70   10.96
    2         83N  83N N   CA    646  647  -34.23  -41.10                  142.80
    3  13260  83N  84G C   N     652  654  -85.49  -62.40   35.29    4.90   82.20  169.26   12.12
    3         84G  84G N   CA    654  655  -14.52  -41.20                    8.50
    4  13313 136V 137H C   N    1076 1078  -63.56  -63.20    0.37    0.05 -125.60 -170.57    8.19
    4        137H 137H N   CA   1078 1079  -42.22  -42.30                  138.80
    5  13314 137H 138H C   N    1086 1088  -61.31  -63.20    5.07    0.55 -125.60 -174.32    8.07
    5        138H 138H N   CA   1088 1089  -47.01  -42.30                  138.80
    6  13327 150L 151H C   N    1181 1183 -115.17  -63.20   52.77    8.76 -125.60  170.03    6.66
    6        151H 151H N   CA   1183 1184  -51.49  -42.30                  138.80
    7  13337 160P 161T C   N    1266 1268  -59.97  -63.20   14.07    1.61  -78.10  155.47    7.25
    7        161T 161T N   CA   1268 1269  -55.79  -42.10                  149.80
    8  13338 161T 162V C   N    1273 1275   75.41  -73.50  153.41   10.45 -125.40  164.38    7.66
    8        162V 162V N   CA   1275 1276  102.33  139.20                  143.30
    9  13410 233P 234N C   N    1860 1862 -107.33  -63.20   82.83    8.90  -63.20   82.83    8.90
    9        234N 234N N   CA   1862 1863   29.00  -41.10                  -41.10
   10  13474 297I 298H C   N    2386 2388  -74.55  -63.20   12.33    2.11 -125.60 -178.59    7.73
   10        298H 298H N   CA   2388 2389  -47.12  -42.30                  138.80
   11  13476 299R 300N C   N    2407 2409 -145.85 -119.90   89.03    4.55  -63.20  124.37   13.67
   11        300N 300N N   CA   2409 2410   51.83  137.00                  -41.10
   12  13481 304R 305N C   N    2444 2446 -100.49  -63.20   74.77    8.04  -63.20   74.77    8.04
   12        305N 305N N   CA   2446 2447   23.71  -41.10                  -41.10
   13  13488 311N 312H C   N    2494 2496   58.57   56.30    8.69    0.63 -125.60 -154.48    9.01
   13        312H 312H N   CA   2496 2497   32.41   40.80                  138.80
   14  13603 426I 427H C   N    3427 3429  -63.53  -63.20    0.41    0.07 -125.60 -170.87    8.18
   14        427H 427H N   CA   3429 3430  -42.55  -42.30                  138.80
   15  13626 449K 450Q C   N    3613 3615 -135.85 -121.10   33.54    1.29  -63.80  166.30   28.21
   15        450Q 450Q N   CA   3615 3616  169.82  139.70                  -40.30
   16  13628 453W 454G C   N    3648 3650 -129.57 -167.20   37.87    0.63   82.20 -140.53   16.68
   16        454G 454G N   CA   3650 3651  170.35  174.60                    8.50
   17  13629 454G 455G C   N    3652 3654 -175.33 -167.20   17.45    0.71   82.20 -177.80   13.28
   17        455G 455G N   CA   3654 3655  159.16  174.60                    8.50
   18  13631 456G 457G C   N    3660 3662  -95.89  -80.20   40.41    0.96   82.20 -122.48   18.39
   18        457G 457G N   CA   3662 3663 -148.66  174.10                    8.50
   19  13632 457G 458G C   N    3664 3666   78.80   78.70    8.07    0.23   82.20  166.57    8.26
   19        458G 458G N   CA   3666 3667 -158.03 -166.10                    8.50
   20  13635 460G 461G C   N    3676 3678   68.37   78.70   20.26    0.31   82.20  157.78    8.35
   20        461G 461G N   CA   3678 3679 -148.67 -166.10                    8.50
   21  13637 462G 463G C   N    3684 3686 -143.35 -167.20   26.64    0.41   82.20 -155.39   15.46
   21        463G 463G N   CA   3686 3687  162.73  174.60                    8.50
   22  13638 463G 464G C   N    3688 3690 -164.71 -167.20    8.67    0.36   82.20 -152.14   15.03
   22        464G 464G N   CA   3690 3691 -177.10  174.60                    8.50
   23  13639 464G 465G C   N    3692 3694   90.71   78.70   25.49    0.38   82.20  163.13    8.35
   23        465G 465G N   CA   3694 3695  171.41 -166.10                    8.50
   24  13640 465G 466G C   N    3696 3698  161.76 -167.20   31.05    0.61   82.20 -176.42   12.55
   24        466G 466G N   CA   3698 3699  173.95  174.60                    8.50
   25  13641 466G 467G C   N    3700 3702 -101.06  -80.20   35.92    0.92   82.20 -118.11    7.86
   25        467G 467G N   CA   3702 3703 -156.65  174.10                    8.50
   26  13642 467G 468G C   N    3704 3706  -87.76  -80.20   22.92    0.57   82.20 -117.64   18.56
   26        468G 468G N   CA   3706 3707 -164.26  174.10                    8.50


report______> Distribution of short non-bonded contacts:


DISTANCE1:  0.00 2.10 2.20 2.30 2.40 2.50 2.60 2.70 2.80 2.90 3.00 3.10 3.20 3.30 3.40
DISTANCE2:  2.10 2.20 2.30 2.40 2.50 2.60 2.70 2.80 2.90 3.00 3.10 3.20 3.30 3.40 3.50
FREQUENCY:     0    0    0    0    0   11   28  106  182  322  276  382  506  565  609


<< end of ENERGY.
iupac_m_397W> Atoms were not swapped because of the uncertainty of how to handle the H atom.
iupac_m_397W> Atoms were not swapped because of the uncertainty of how to handle the H atom.
iupac_m_397W> Atoms were not swapped because of the uncertainty of how to handle the H atom.
iupac_m_397W> Atoms were not swapped because of the uncertainty of how to handle the H atom.
iupac_m_397W> Atoms were not swapped because of the uncertainty of how to handle the H atom.
iupac_m_397W> Atoms were not swapped because of the uncertainty of how to handle the H atom.
iupac_m_397W> Atoms were not swapped because of the uncertainty of how to handle the H atom.
iupac_m_397W> Atoms were not swapped because of the uncertainty of how to handle the H atom.
iupac_m_397W> Atoms were not swapped because of the uncertainty of how to handle the H atom.
iupac_m_397W> Atoms were not swapped because of the uncertainty of how to handle the H atom.
iupac_m_397W> Atoms were not swapped because of the uncertainty of how to handle the H atom.
iupac_m_397W> Atoms were not swapped because of the uncertainty of how to handle the H atom.
iupac_m_397W> Atoms were not swapped because of the uncertainty of how to handle the H atom.
iupac_m_397W> Atoms were not swapped because of the uncertainty of how to handle the H atom.
iupac_m_397W> Atoms were not swapped because of the uncertainty of how to handle the H atom.
>> Model assessment by DOPE potential
iatmcls_286W> MODEL atom not classified:  VAL:OXT  VAL
iatmcls_286W> MODEL atom not classified:  TRP:OXT  TRP


>> ENERGY; Differences between the model's features and restraints:
Number of all residues in MODEL                   :      472
Number of all, selected real atoms                :     3736    3736
Number of all, selected pseudo atoms              :        0       0
Number of all static, selected restraints         :    45979   45979
COVALENT_CYS                                      :        F
NONBONDED_SEL_ATOMS                               :        1
Number of non-bonded pairs (excluding 1-2,1-3,1-4):   766038
Dynamic pairs routine                             : 1, NATM x NATM double loop
Atomic shift for contacts update (UPDATE_DYNAMIC) :    0.390
LENNARD_JONES_SWITCH                              :    6.500   7.500
COULOMB_JONES_SWITCH                              :    6.500   7.500
RESIDUE_SPAN_RANGE                                :        1    9999
NLOGN_USE                                         :       15
CONTACT_SHELL                                     :   15.000
DYNAMIC_PAIRS,_SPHERE,_COULOMB,_LENNARD,_MODELLER :        T       F       F       F       T
SPHERE_STDV                                       :    0.050
RADII_FACTOR                                      :    0.820
Current energy                                    :      -54298.8438




<< end of ENERGY.
DOPE score               : -54298.843750
>> Model assessment by GA341 potential

Surface library          : /Users/kehuang/miniconda3/lib/modeller-10.4/modlib/surf5.de
Pair library             : /Users/kehuang/miniconda3/lib/modeller-10.4/modlib/pair9.de
Chain identifier         : _
% sequence identity      :    96.231003
Sequence length          :          452
Compactness              :     0.245273
Native energy (pair)     :  -447.255041
Native energy (surface)  :   -30.522613
Native energy (combined) :   -13.966139
Z score (pair)           :   -12.000383
Z score (surface)        :    -9.436140
Z score (combined)       :   -13.548423
GA341 score              :     1.000000



>> ENERGY; Differences between the model's features and restraints:
Number of all residues in MODEL                   :      472
Number of all, selected real atoms                :     3736    3736
Number of all, selected pseudo atoms              :        0       0
Number of all static, selected restraints         :    45979   45979
COVALENT_CYS                                      :        F
NONBONDED_SEL_ATOMS                               :        1
Number of non-bonded pairs (excluding 1-2,1-3,1-4):     7716
Dynamic pairs routine                             : 2, NATM x NATM cell sorting
Atomic shift for contacts update (UPDATE_DYNAMIC) :    0.390
LENNARD_JONES_SWITCH                              :    6.500   7.500
COULOMB_JONES_SWITCH                              :    6.500   7.500
RESIDUE_SPAN_RANGE                                :        0   99999
NLOGN_USE                                         :       15
CONTACT_SHELL                                     :    4.000
DYNAMIC_PAIRS,_SPHERE,_COULOMB,_LENNARD,_MODELLER :        T       T       F       F       F
SPHERE_STDV                                       :    0.050
RADII_FACTOR                                      :    0.820
Current energy                                    :        2549.0803





Summary of the restraint violations: 

   NUM     ... number of restraints.
   NUMVI   ... number of restraints with RVIOL > VIOL_REPORT_CUT[i].
   RVIOL   ... relative difference from the best value.
   NUMVP   ... number of restraints with -Ln(pdf) > VIOL_REPORT_CUT2[i].
   RMS_1   ... RMS(feature, minimally_violated_basis_restraint, NUMB).
   RMS_2   ... RMS(feature, best_value, NUMB).
   MOL.PDF ... scaled contribution to -Ln(Molecular pdf).

 #                     RESTRAINT_GROUP      NUM   NUMVI  NUMVP   RMS_1   RMS_2         MOL.PDF     S_i
------------------------------------------------------------------------------------------------------
 1 Bond length potential              :    3833       0      0   0.006   0.006      36.559       1.000
 2 Bond angle potential               :    5191       0      5   1.845   1.845      346.96       1.000
 3 Stereochemical cosine torsion poten:    2521       0     58  46.256  46.256      832.52       1.000
 4 Stereochemical improper torsion pot:    1632       0      1   1.152   1.152      47.599       1.000
 5 Soft-sphere overlap restraints     :    7716       0      0   0.003   0.003      6.6614       1.000
 6 Lennard-Jones 6-12 potential       :       0       0      0   0.000   0.000      0.0000       1.000
 7 Coulomb point-point electrostatic p:       0       0      0   0.000   0.000      0.0000       1.000
 8 H-bonding potential                :       0       0      0   0.000   0.000      0.0000       1.000
 9 Distance restraints 1 (CA-CA)      :    9374       0      0   0.094   0.094      103.88       1.000
10 Distance restraints 2 (N-O)        :    9207       0      5   0.150   0.150      214.22       1.000
11 Mainchain Phi dihedral restraints  :       0       0      0   0.000   0.000      0.0000       1.000
12 Mainchain Psi dihedral restraints  :       0       0      0   0.000   0.000      0.0000       1.000
13 Mainchain Omega dihedral restraints:     470       0      3   3.808   3.808      77.695       1.000
14 Sidechain Chi_1 dihedral restraints:     395       0      1  46.553  46.553      9.8616       1.000
15 Sidechain Chi_2 dihedral restraints:     298       0      1  67.853  67.853      80.431       1.000
16 Sidechain Chi_3 dihedral restraints:     132       0      0  53.550  53.550      75.822       1.000
17 Sidechain Chi_4 dihedral restraints:      48       0      0  83.102  83.102      30.708       1.000
18 Disulfide distance restraints      :       0       0      0   0.000   0.000      0.0000       1.000
19 Disulfide angle restraints         :       0       0      0   0.000   0.000      0.0000       1.000
20 Disulfide dihedral angle restraints:       0       0      0   0.000   0.000      0.0000       1.000
21 Lower bound distance restraints    :       0       0      0   0.000   0.000      0.0000       1.000
22 Upper bound distance restraints    :       0       0      0   0.000   0.000      0.0000       1.000
23 Distance restraints 3 (SDCH-MNCH)  :    7370       0      0   0.383   0.383      199.98       1.000
24 Sidechain Chi_5 dihedral restraints:       0       0      0   0.000   0.000      0.0000       1.000
25 Phi/Psi pair of dihedral restraints:     468      24     27  20.720  51.727      16.940       1.000
26 Distance restraints 4 (SDCH-SDCH)  :    5040       0      8   0.800   0.800      469.24       1.000
27 Distance restraints 5 (X-Y)        :       0       0      0   0.000   0.000      0.0000       1.000
28 NMR distance restraints 6 (X-Y)    :       0       0      0   0.000   0.000      0.0000       1.000
29 NMR distance restraints 7 (X-Y)    :       0       0      0   0.000   0.000      0.0000       1.000
30 Minimal distance restraints        :       0       0      0   0.000   0.000      0.0000       1.000
31 Non-bonded restraints              :       0       0      0   0.000   0.000      0.0000       1.000
32 Atomic accessibility restraints    :       0       0      0   0.000   0.000      0.0000       1.000
33 Atomic density restraints          :       0       0      0   0.000   0.000      0.0000       1.000
34 Absolute position restraints       :       0       0      0   0.000   0.000      0.0000       1.000
35 Dihedral angle difference restraint:       0       0      0   0.000   0.000      0.0000       1.000
36 GBSA implicit solvent potential    :       0       0      0   0.000   0.000      0.0000       1.000
37 EM density fitting potential       :       0       0      0   0.000   0.000      0.0000       1.000
38 SAXS restraints                    :       0       0      0   0.000   0.000      0.0000       1.000
39 Symmetry restraints                :       0       0      0   0.000   0.000      0.0000       1.000



# Heavy relative violation of each residue is written to: abl+pep.V99990013
# The profile is NOT normalized by the number of restraints.
# The profiles are smoothed over a window of residues:    1
# The sum of all numbers in the file:   38419.0391



List of the violated restraints:
   A restraint is violated when the relative difference
   from the best value (RVIOL) is larger than CUTOFF.

   ICSR   ... index of a restraint in the current set.
   RESNO  ... residue numbers of the first two atoms.
   ATM    ... IUPAC atom names of the first two atoms.
   FEAT   ... the value of the feature in the model.
   restr  ... the mean of the basis restraint with the smallest
              difference from the model (local minimum).
   viol   ... difference from the local minimum.
   rviol  ... relative difference from the local minimum.
   RESTR  ... the best value (global minimum).
   VIOL   ... difference from the best value.
   RVIOL  ... relative difference from the best value.


-------------------------------------------------------------------------------------------------

Feature 25                           : Phi/Psi pair of dihedral restraints     
List of the RVIOL violations larger than   :       6.5000

    #   ICSR  RESNO1/2 ATM1/2   INDATM1/2    FEAT   restr    viol   rviol   RESTR    VIOL   RVIOL
    1  13197  20T  21K C   N     151  153  -60.83  -62.90   12.82    1.78  -70.20  168.80   12.01
    1         21K  21K N   CA    153  154  -28.14  -40.80                  140.40
    2  13198  21K  22G C   N     160  162  -96.40  -62.40   39.20    5.98   82.20 -178.87   13.12
    2         22G  22G N   CA    162  163  -21.68  -41.20                    8.50
    3  13208  31N  32H C   N     240  242  -56.88  -63.20    7.08    0.92 -125.60 -171.32    8.24
    3         32H  32H N   CA    242  243  -45.49  -42.30                  138.80
    4  13313 136V 137H C   N    1076 1078  -64.08  -63.20    0.89    0.14 -125.60 -170.74    8.17
    4        137H 137H N   CA   1078 1079  -42.21  -42.30                  138.80
    5  13314 137H 138H C   N    1086 1088  -62.05  -63.20    3.50    0.38 -125.60 -173.27    8.10
    5        138H 138H N   CA   1088 1089  -45.61  -42.30                  138.80
    6  13327 150L 151H C   N    1181 1183 -115.02  -63.20   52.40    8.65 -125.60  171.44    6.71
    6        151H 151H N   CA   1183 1184  -50.09  -42.30                  138.80
    7  13410 233P 234N C   N    1860 1862 -108.18  -63.20   84.71    9.11  -63.20   84.71    9.11
    7        234N 234N N   CA   1862 1863   30.68  -41.10                  -41.10
    8  13474 297I 298H C   N    2386 2388  -73.21  -63.20   11.29    1.94 -125.60 -178.58    7.75
    8        298H 298H N   CA   2388 2389  -47.51  -42.30                  138.80
    9  13476 299R 300N C   N    2407 2409 -145.60 -119.90   86.14    4.42  -63.20  126.43   13.85
    9        300N 300N N   CA   2409 2410   54.78  137.00                  -41.10
   10  13488 311N 312H C   N    2494 2496   59.89   56.30   10.10    0.72 -125.60 -155.07    9.00
   10        312H 312H N   CA   2496 2497   31.36   40.80                  138.80
   11  13626 449K 450Q C   N    3613 3615 -119.16 -121.10   10.63    0.53  -63.80  178.36   29.17
   11        450Q 450Q N   CA   3615 3616  150.15  139.70                  -40.30
   12  13627 450Q 451G C   N    3622 3624  160.43 -167.20   32.38    0.64   82.20 -177.23   12.46
   12        451G 451G N   CA   3624 3625  173.69  174.60                    8.50
   13  13629 454G 455G C   N    3652 3654  -82.92  -80.20    6.12    0.14   82.20 -122.23    7.30
   13        455G 455G N   CA   3654 3655  179.58  174.10                    8.50
   14  13630 455G 456G C   N    3656 3658   88.71   78.70   20.21    0.30   82.20  167.96    8.48
   14        456G 456G N   CA   3658 3659  176.34 -166.10                    8.50
   15  13631 456G 457G C   N    3660 3662 -149.67 -167.20   20.68    0.69   82.20 -141.43   16.10
   15        457G 457G N   CA   3662 3663 -174.42  174.60                    8.50
   16  13632 457G 458G C   N    3664 3666   65.21   78.70   42.59    0.71   82.20  135.28    7.41
   16        458G 458G N   CA   3666 3667 -125.70 -166.10                    8.50
   17  13635 460G 461G C   N    3676 3678 -169.45 -167.20   14.17    0.58   82.20 -173.25   13.72
   17        461G 461G N   CA   3678 3679  160.61  174.60                    8.50
   18  13636 461G 462G C   N    3680 3682  -86.76  -80.20    8.54    0.31   82.20 -119.55    7.47
   18        462G 462G N   CA   3682 3683  179.58  174.10                    8.50
   19  13637 462G 463G C   N    3684 3686 -154.65 -167.20   22.27    0.61   82.20 -167.69   14.45
   19        463G 463G N   CA   3686 3687  156.21  174.60                    8.50
   20  13638 463G 464G C   N    3688 3690  -94.92  -80.20   30.40    0.71   82.20 -116.01   18.80
   20        464G 464G N   CA   3690 3691 -159.30  174.10                    8.50
   21  13639 464G 465G C   N    3692 3694  174.23 -167.20   19.21    0.28   82.20 -165.80   13.57
   21        465G 465G N   CA   3694 3695  179.52  174.60                    8.50
   22  13640 465G 466G C   N    3696 3698   74.81   78.70   11.30    0.18   82.20  164.16    8.34
   22        466G 466G N   CA   3698 3699 -155.49 -166.10                    8.50
   23  13643 468G 469G C   N    3708 3710  110.17   78.70   34.43    1.93   82.20  163.05    6.50
   23        469G 469G N   CA   3710 3711 -152.13 -166.10                    8.50
   24  13644 469G 470G C   N    3712 3714 -116.54  -80.20   45.72    3.33   82.20 -147.85   16.46
   24        470G 470G N   CA   3714 3715  146.35  174.10                    8.50


report______> Distribution of short non-bonded contacts:


DISTANCE1:  0.00 2.10 2.20 2.30 2.40 2.50 2.60 2.70 2.80 2.90 3.00 3.10 3.20 3.30 3.40
DISTANCE2:  2.10 2.20 2.30 2.40 2.50 2.60 2.70 2.80 2.90 3.00 3.10 3.20 3.30 3.40 3.50
FREQUENCY:     0    0    0    0    1   11   38  124  180  320  285  414  532  584  586


<< end of ENERGY.
iupac_m_397W> Atoms were not swapped because of the uncertainty of how to handle the H atom.
iupac_m_397W> Atoms were not swapped because of the uncertainty of how to handle the H atom.
iupac_m_397W> Atoms were not swapped because of the uncertainty of how to handle the H atom.
iupac_m_397W> Atoms were not swapped because of the uncertainty of how to handle the H atom.
iupac_m_397W> Atoms were not swapped because of the uncertainty of how to handle the H atom.
iupac_m_397W> Atoms were not swapped because of the uncertainty of how to handle the H atom.
iupac_m_397W> Atoms were not swapped because of the uncertainty of how to handle the H atom.
iupac_m_397W> Atoms were not swapped because of the uncertainty of how to handle the H atom.
iupac_m_484W> Dihedral still outside +-90:       90.0192
iupac_m_397W> Atoms were not swapped because of the uncertainty of how to handle the H atom.
iupac_m_397W> Atoms were not swapped because of the uncertainty of how to handle the H atom.
iupac_m_397W> Atoms were not swapped because of the uncertainty of how to handle the H atom.
iupac_m_397W> Atoms were not swapped because of the uncertainty of how to handle the H atom.
iupac_m_397W> Atoms were not swapped because of the uncertainty of how to handle the H atom.
iupac_m_397W> Atoms were not swapped because of the uncertainty of how to handle the H atom.
iupac_m_397W> Atoms were not swapped because of the uncertainty of how to handle the H atom.
iupac_m_397W> Atoms were not swapped because of the uncertainty of how to handle the H atom.
>> Model assessment by DOPE potential
iatmcls_286W> MODEL atom not classified:  VAL:OXT  VAL
iatmcls_286W> MODEL atom not classified:  TRP:OXT  TRP


>> ENERGY; Differences between the model's features and restraints:
Number of all residues in MODEL                   :      472
Number of all, selected real atoms                :     3736    3736
Number of all, selected pseudo atoms              :        0       0
Number of all static, selected restraints         :    45979   45979
COVALENT_CYS                                      :        F
NONBONDED_SEL_ATOMS                               :        1
Number of non-bonded pairs (excluding 1-2,1-3,1-4):   764206
Dynamic pairs routine                             : 1, NATM x NATM double loop
Atomic shift for contacts update (UPDATE_DYNAMIC) :    0.390
LENNARD_JONES_SWITCH                              :    6.500   7.500
COULOMB_JONES_SWITCH                              :    6.500   7.500
RESIDUE_SPAN_RANGE                                :        1    9999
NLOGN_USE                                         :       15
CONTACT_SHELL                                     :   15.000
DYNAMIC_PAIRS,_SPHERE,_COULOMB,_LENNARD,_MODELLER :        T       F       F       F       T
SPHERE_STDV                                       :    0.050
RADII_FACTOR                                      :    0.820
Current energy                                    :      -54363.7266




<< end of ENERGY.
DOPE score               : -54363.726562
>> Model assessment by GA341 potential

Surface library          : /Users/kehuang/miniconda3/lib/modeller-10.4/modlib/surf5.de
Pair library             : /Users/kehuang/miniconda3/lib/modeller-10.4/modlib/pair9.de
Chain identifier         : _
% sequence identity      :    96.231003
Sequence length          :          452
Compactness              :     0.245382
Native energy (pair)     :  -446.556266
Native energy (surface)  :   -31.153616
Native energy (combined) :   -13.960331
Z score (pair)           :   -12.014557
Z score (surface)        :    -9.520451
Z score (combined)       :   -13.596754
GA341 score              :     1.000000



>> ENERGY; Differences between the model's features and restraints:
Number of all residues in MODEL                   :      472
Number of all, selected real atoms                :     3736    3736
Number of all, selected pseudo atoms              :        0       0
Number of all static, selected restraints         :    45979   45979
COVALENT_CYS                                      :        F
NONBONDED_SEL_ATOMS                               :        1
Number of non-bonded pairs (excluding 1-2,1-3,1-4):     7707
Dynamic pairs routine                             : 2, NATM x NATM cell sorting
Atomic shift for contacts update (UPDATE_DYNAMIC) :    0.390
LENNARD_JONES_SWITCH                              :    6.500   7.500
COULOMB_JONES_SWITCH                              :    6.500   7.500
RESIDUE_SPAN_RANGE                                :        0   99999
NLOGN_USE                                         :       15
CONTACT_SHELL                                     :    4.000
DYNAMIC_PAIRS,_SPHERE,_COULOMB,_LENNARD,_MODELLER :        T       T       F       F       F
SPHERE_STDV                                       :    0.050
RADII_FACTOR                                      :    0.820
Current energy                                    :        2642.1731





Summary of the restraint violations: 

   NUM     ... number of restraints.
   NUMVI   ... number of restraints with RVIOL > VIOL_REPORT_CUT[i].
   RVIOL   ... relative difference from the best value.
   NUMVP   ... number of restraints with -Ln(pdf) > VIOL_REPORT_CUT2[i].
   RMS_1   ... RMS(feature, minimally_violated_basis_restraint, NUMB).
   RMS_2   ... RMS(feature, best_value, NUMB).
   MOL.PDF ... scaled contribution to -Ln(Molecular pdf).

 #                     RESTRAINT_GROUP      NUM   NUMVI  NUMVP   RMS_1   RMS_2         MOL.PDF     S_i
------------------------------------------------------------------------------------------------------
 1 Bond length potential              :    3833       0      0   0.006   0.006      36.773       1.000
 2 Bond angle potential               :    5191       0      8   1.928   1.928      373.97       1.000
 3 Stereochemical cosine torsion poten:    2521       0     57  46.303  46.303      832.64       1.000
 4 Stereochemical improper torsion pot:    1632       0      0   1.112   1.112      44.275       1.000
 5 Soft-sphere overlap restraints     :    7707       0      1   0.003   0.003      6.9576       1.000
 6 Lennard-Jones 6-12 potential       :       0       0      0   0.000   0.000      0.0000       1.000
 7 Coulomb point-point electrostatic p:       0       0      0   0.000   0.000      0.0000       1.000
 8 H-bonding potential                :       0       0      0   0.000   0.000      0.0000       1.000
 9 Distance restraints 1 (CA-CA)      :    9374       0      0   0.104   0.104      119.05       1.000
10 Distance restraints 2 (N-O)        :    9207       4     22   0.186   0.186      313.98       1.000
11 Mainchain Phi dihedral restraints  :       0       0      0   0.000   0.000      0.0000       1.000
12 Mainchain Psi dihedral restraints  :       0       0      0   0.000   0.000      0.0000       1.000
13 Mainchain Omega dihedral restraints:     470       2      3  12.096  12.096      82.661       1.000
14 Sidechain Chi_1 dihedral restraints:     395       0      2  47.107  47.107      6.3172       1.000
15 Sidechain Chi_2 dihedral restraints:     298       0      1  64.937  64.937      59.353       1.000
16 Sidechain Chi_3 dihedral restraints:     132       0      0  55.038  55.038      78.836       1.000
17 Sidechain Chi_4 dihedral restraints:      48       0      0  92.582  92.582      28.376       1.000
18 Disulfide distance restraints      :       0       0      0   0.000   0.000      0.0000       1.000
19 Disulfide angle restraints         :       0       0      0   0.000   0.000      0.0000       1.000
20 Disulfide dihedral angle restraints:       0       0      0   0.000   0.000      0.0000       1.000
21 Lower bound distance restraints    :       0       0      0   0.000   0.000      0.0000       1.000
22 Upper bound distance restraints    :       0       0      0   0.000   0.000      0.0000       1.000
23 Distance restraints 3 (SDCH-MNCH)  :    7370       0      1   0.386   0.386      204.94       1.000
24 Sidechain Chi_5 dihedral restraints:       0       0      0   0.000   0.000      0.0000       1.000
25 Phi/Psi pair of dihedral restraints:     468      34     32  22.249  54.312      60.278       1.000
26 Distance restraints 4 (SDCH-SDCH)  :    5040       0      3   0.738   0.738      393.77       1.000
27 Distance restraints 5 (X-Y)        :       0       0      0   0.000   0.000      0.0000       1.000
28 NMR distance restraints 6 (X-Y)    :       0       0      0   0.000   0.000      0.0000       1.000
29 NMR distance restraints 7 (X-Y)    :       0       0      0   0.000   0.000      0.0000       1.000
30 Minimal distance restraints        :       0       0      0   0.000   0.000      0.0000       1.000
31 Non-bonded restraints              :       0       0      0   0.000   0.000      0.0000       1.000
32 Atomic accessibility restraints    :       0       0      0   0.000   0.000      0.0000       1.000
33 Atomic density restraints          :       0       0      0   0.000   0.000      0.0000       1.000
34 Absolute position restraints       :       0       0      0   0.000   0.000      0.0000       1.000
35 Dihedral angle difference restraint:       0       0      0   0.000   0.000      0.0000       1.000
36 GBSA implicit solvent potential    :       0       0      0   0.000   0.000      0.0000       1.000
37 EM density fitting potential       :       0       0      0   0.000   0.000      0.0000       1.000
38 SAXS restraints                    :       0       0      0   0.000   0.000      0.0000       1.000
39 Symmetry restraints                :       0       0      0   0.000   0.000      0.0000       1.000



# Heavy relative violation of each residue is written to: abl+pep.V99990014
# The profile is NOT normalized by the number of restraints.
# The profiles are smoothed over a window of residues:    1
# The sum of all numbers in the file:   39207.6211



List of the violated restraints:
   A restraint is violated when the relative difference
   from the best value (RVIOL) is larger than CUTOFF.

   ICSR   ... index of a restraint in the current set.
   RESNO  ... residue numbers of the first two atoms.
   ATM    ... IUPAC atom names of the first two atoms.
   FEAT   ... the value of the feature in the model.
   restr  ... the mean of the basis restraint with the smallest
              difference from the model (local minimum).
   viol   ... difference from the local minimum.
   rviol  ... relative difference from the local minimum.
   RESTR  ... the best value (global minimum).
   VIOL   ... difference from the best value.
   RVIOL  ... relative difference from the best value.


-------------------------------------------------------------------------------------------------

Feature 13                           : Mainchain Omega dihedral restraints     
List of the RVIOL violations larger than   :       4.5000

    #   ICSR  RESNO1/2 ATM1/2   INDATM1/2    FEAT   restr    viol   rviol   RESTR    VIOL   RVIOL
    1  13891 246P 246P CA  C    1955 1959  170.72   -0.75  171.47   34.99   -0.75  171.47   34.99

-------------------------------------------------------------------------------------------------

Feature 25                           : Phi/Psi pair of dihedral restraints     
List of the RVIOL violations larger than   :       6.5000

    #   ICSR  RESNO1/2 ATM1/2   INDATM1/2    FEAT   restr    viol   rviol   RESTR    VIOL   RVIOL
    1  13208  31N  32H C   N     240  242  -59.21  -63.20    4.06    0.60 -125.60 -169.87    8.27
    1         32H  32H N   CA    242  243  -43.04  -42.30                  138.80
    2  13259  82I  83N C   N     644  646  -57.28  -63.20   11.03    1.71  -71.20  175.15   10.84
    2         83N  83N N   CA    646  647  -31.80  -41.10                  142.80
    3  13260  83N  84G C   N     652  654  -86.10  -62.40   36.01    5.00   82.20  169.81   12.14
    3         84G  84G N   CA    654  655  -14.09  -41.20                    8.50
    4  13313 136V 137H C   N    1076 1078  -63.41  -63.20    0.25    0.03 -125.60 -170.47    8.19
    4        137H 137H N   CA   1078 1079  -42.17  -42.30                  138.80
    5  13314 137H 138H C   N    1086 1088  -61.50  -63.20    4.69    0.51 -125.60 -174.08    8.07
    5        138H 138H N   CA   1088 1089  -46.67  -42.30                  138.80
    6  13327 150L 151H C   N    1181 1183 -115.33  -63.20   52.80    8.73 -125.60  170.86    6.69
    6        151H 151H N   CA   1183 1184  -50.65  -42.30                  138.80
    7  13410 233P 234N C   N    1860 1862 -107.69  -63.20   83.97    9.03  -63.20   83.97    9.03
    7        234N 234N N   CA   1862 1863   30.12  -41.10                  -41.10
    8  13422 245E 246P C   N    1952 1954  -57.15  -58.70    9.55    0.67  -64.50  173.04   13.30
    8        246P 246P N   CA   1954 1955  -39.92  -30.50                  147.20
    9  13474 297I 298H C   N    2386 2388  -74.23  -63.20   12.43    2.13 -125.60 -179.37    7.71
    9        298H 298H N   CA   2388 2389  -48.03  -42.30                  138.80
   10  13476 299R 300N C   N    2407 2409 -146.15 -119.90   89.20    4.57  -63.20  124.50   13.70
   10        300N 300N N   CA   2409 2410   51.75  137.00                  -41.10
   11  13486 309G 310E C   N    2477 2479  -60.50  -63.60   33.40    4.29  -69.30  144.21   11.31
   11        310E 310E N   CA   2479 2480  -73.56  -40.30                  142.50
   12  13487 310E 311N C   N    2486 2488  -95.05 -119.90   73.59    2.72   55.90  153.57   15.73
   12        311N 311N N   CA   2488 2489   67.73  137.00                   39.50
   13  13488 311N 312H C   N    2494 2496   57.54   56.30    9.71    0.77 -125.60 -152.96    9.08
   13        312H 312H N   CA   2496 2497   31.17   40.80                  138.80
   14  13510 333H 334A C   N    2664 2666  -83.38  -68.20  140.65   11.88  -68.20  140.65   11.88
   14        334A 334A N   CA   2666 2667    5.47  145.30                  145.30
   15  13511 334A 335G C   N    2669 2671  -83.07  -62.40   22.42    3.57   82.20  170.28   12.66
   15        335G 335G N   CA   2671 2672  -32.51  -41.20                    8.50
   16  13603 426I 427H C   N    3427 3429  -62.85  -63.20    0.75    0.08 -125.60 -171.05    8.18
   16        427H 427H N   CA   3429 3430  -42.97  -42.30                  138.80
   17  13610 433M 434F C   N    3486 3488  -85.93  -63.20   56.58    6.58  -63.20   56.58    6.58
   17        434F 434F N   CA   3488 3489    7.52  -44.30                  -44.30
   18  13627 450Q 451G C   N    3622 3624  174.83 -167.20   18.41    0.45   82.20 -173.31   13.20
   18        451G 451G N   CA   3624 3625  170.59  174.60                    8.50
   19  13628 453W 454G C   N    3648 3650 -155.46 -167.20   12.29    0.33   82.20 -150.77   15.40
   19        454G 454G N   CA   3650 3651  178.24  174.60                    8.50
   20  13629 454G 455G C   N    3652 3654  -67.54  -80.20   17.67    0.57   82.20 -145.73    6.62
   20        455G 455G N   CA   3654 3655  161.77  174.10                    8.50
   21  13630 455G 456G C   N    3656 3658 -129.46 -167.20   38.22    0.61   82.20 -141.76   16.61
   21        456G 456G N   CA   3658 3659  168.58  174.60                    8.50
   22  13631 456G 457G C   N    3660 3662   87.22   78.70   25.66    0.42   82.20  161.27    8.08
   22        457G 457G N   CA   3662 3663  169.69 -166.10                    8.50
   23  13632 457G 458G C   N    3664 3666 -178.24 -167.20   12.08    0.36   82.20 -170.55   13.58
   23        458G 458G N   CA   3666 3667  169.69  174.60                    8.50
   24  13633 458G 459G C   N    3668 3670 -147.38 -167.20   19.82    0.38   82.20 -148.85   15.74
   24        459G 459G N   CA   3670 3671  174.56  174.60                    8.50
   25  13634 459G 460G C   N    3672 3674   69.82   78.70   16.72    0.26   82.20  160.91    8.43
   25        460G 460G N   CA   3674 3675 -151.93 -166.10                    8.50
   26  13635 460G 461G C   N    3676 3678  150.10 -167.20   43.21    0.69   82.20 -174.38   12.19
   26        461G 461G N   CA   3678 3679 -178.74  174.60                    8.50
   27  13636 461G 462G C   N    3680 3682   96.93   78.70   56.65    0.94   82.20  132.57    7.17
   27        462G 462G N   CA   3682 3683  140.26 -166.10                    8.50
   28  13637 462G 463G C   N    3684 3686 -101.06  -80.20   33.43    0.91   82.20 -115.96    7.85
   28        463G 463G N   CA   3686 3687 -159.78  174.10                    8.50
   29  13638 463G 464G C   N    3688 3690  -94.40  -80.20   30.04    0.70   82.20 -116.31   18.77
   29        464G 464G N   CA   3690 3691 -159.43  174.10                    8.50
   30  13639 464G 465G C   N    3692 3694  165.31 -167.20   28.66    0.42   82.20 -166.99   13.18
   30        465G 465G N   CA   3694 3695 -177.30  174.60                    8.50
   31  13641 466G 467G C   N    3700 3702   62.65   78.70   20.60    0.55   82.20  162.87    8.88
   31        467G 467G N   CA   3702 3703 -153.19 -166.10                    8.50
   32  13642 467G 468G C   N    3704 3706 -160.74 -167.20   20.18    0.68   82.20 -172.11   14.03
   32        468G 468G N   CA   3706 3707  155.47  174.60                    8.50
   33  13643 468G 469G C   N    3708 3710 -108.13  -80.20   30.28    2.23   82.20 -130.93   17.70
   33        469G 469G N   CA   3710 3711  162.40  174.10                    8.50
   34  13645 470G 471G C   N    3716 3718  166.63 -167.20   28.85    0.43   82.20 -162.78   13.44
   34        471G 471G N   CA   3718 3719 -173.26  174.60                    8.50


report______> Distribution of short non-bonded contacts:


DISTANCE1:  0.00 2.10 2.20 2.30 2.40 2.50 2.60 2.70 2.80 2.90 3.00 3.10 3.20 3.30 3.40
DISTANCE2:  2.10 2.20 2.30 2.40 2.50 2.60 2.70 2.80 2.90 3.00 3.10 3.20 3.30 3.40 3.50
FREQUENCY:     0    0    0    0    1   16   33  122  182  316  270  406  495  629  612


<< end of ENERGY.
iupac_m_397W> Atoms were not swapped because of the uncertainty of how to handle the H atom.
iupac_m_397W> Atoms were not swapped because of the uncertainty of how to handle the H atom.
iupac_m_397W> Atoms were not swapped because of the uncertainty of how to handle the H atom.
iupac_m_397W> Atoms were not swapped because of the uncertainty of how to handle the H atom.
iupac_m_397W> Atoms were not swapped because of the uncertainty of how to handle the H atom.
iupac_m_397W> Atoms were not swapped because of the uncertainty of how to handle the H atom.
iupac_m_397W> Atoms were not swapped because of the uncertainty of how to handle the H atom.
iupac_m_397W> Atoms were not swapped because of the uncertainty of how to handle the H atom.
iupac_m_397W> Atoms were not swapped because of the uncertainty of how to handle the H atom.
iupac_m_397W> Atoms were not swapped because of the uncertainty of how to handle the H atom.
iupac_m_397W> Atoms were not swapped because of the uncertainty of how to handle the H atom.
iupac_m_397W> Atoms were not swapped because of the uncertainty of how to handle the H atom.
iupac_m_397W> Atoms were not swapped because of the uncertainty of how to handle the H atom.
>> Model assessment by DOPE potential
iatmcls_286W> MODEL atom not classified:  VAL:OXT  VAL
iatmcls_286W> MODEL atom not classified:  TRP:OXT  TRP


>> ENERGY; Differences between the model's features and restraints:
Number of all residues in MODEL                   :      472
Number of all, selected real atoms                :     3736    3736
Number of all, selected pseudo atoms              :        0       0
Number of all static, selected restraints         :    45979   45979
COVALENT_CYS                                      :        F
NONBONDED_SEL_ATOMS                               :        1
Number of non-bonded pairs (excluding 1-2,1-3,1-4):   760582
Dynamic pairs routine                             : 1, NATM x NATM double loop
Atomic shift for contacts update (UPDATE_DYNAMIC) :    0.390
LENNARD_JONES_SWITCH                              :    6.500   7.500
COULOMB_JONES_SWITCH                              :    6.500   7.500
RESIDUE_SPAN_RANGE                                :        1    9999
NLOGN_USE                                         :       15
CONTACT_SHELL                                     :   15.000
DYNAMIC_PAIRS,_SPHERE,_COULOMB,_LENNARD,_MODELLER :        T       F       F       F       T
SPHERE_STDV                                       :    0.050
RADII_FACTOR                                      :    0.820
Current energy                                    :      -54443.6914




<< end of ENERGY.
DOPE score               : -54443.691406
>> Model assessment by GA341 potential

Surface library          : /Users/kehuang/miniconda3/lib/modeller-10.4/modlib/surf5.de
Pair library             : /Users/kehuang/miniconda3/lib/modeller-10.4/modlib/pair9.de
Chain identifier         : _
% sequence identity      :    96.231003
Sequence length          :          452
Compactness              :     0.245501
Native energy (pair)     :  -458.863262
Native energy (surface)  :   -31.181466
Native energy (combined) :   -14.275960
Z score (pair)           :   -12.081533
Z score (surface)        :    -9.663945
Z score (combined)       :   -13.802024
GA341 score              :     1.000000



>> ENERGY; Differences between the model's features and restraints:
Number of all residues in MODEL                   :      472
Number of all, selected real atoms                :     3736    3736
Number of all, selected pseudo atoms              :        0       0
Number of all static, selected restraints         :    45979   45979
COVALENT_CYS                                      :        F
NONBONDED_SEL_ATOMS                               :        1
Number of non-bonded pairs (excluding 1-2,1-3,1-4):     7525
Dynamic pairs routine                             : 2, NATM x NATM cell sorting
Atomic shift for contacts update (UPDATE_DYNAMIC) :    0.390
LENNARD_JONES_SWITCH                              :    6.500   7.500
COULOMB_JONES_SWITCH                              :    6.500   7.500
RESIDUE_SPAN_RANGE                                :        0   99999
NLOGN_USE                                         :       15
CONTACT_SHELL                                     :    4.000
DYNAMIC_PAIRS,_SPHERE,_COULOMB,_LENNARD,_MODELLER :        T       T       F       F       F
SPHERE_STDV                                       :    0.050
RADII_FACTOR                                      :    0.820
Current energy                                    :        2429.2520





Summary of the restraint violations: 

   NUM     ... number of restraints.
   NUMVI   ... number of restraints with RVIOL > VIOL_REPORT_CUT[i].
   RVIOL   ... relative difference from the best value.
   NUMVP   ... number of restraints with -Ln(pdf) > VIOL_REPORT_CUT2[i].
   RMS_1   ... RMS(feature, minimally_violated_basis_restraint, NUMB).
   RMS_2   ... RMS(feature, best_value, NUMB).
   MOL.PDF ... scaled contribution to -Ln(Molecular pdf).

 #                     RESTRAINT_GROUP      NUM   NUMVI  NUMVP   RMS_1   RMS_2         MOL.PDF     S_i
------------------------------------------------------------------------------------------------------
 1 Bond length potential              :    3833       0      0   0.006   0.006      35.749       1.000
 2 Bond angle potential               :    5191       0      5   1.848   1.848      346.38       1.000
 3 Stereochemical cosine torsion poten:    2521       0     59  46.273  46.273      835.14       1.000
 4 Stereochemical improper torsion pot:    1632       0      0   1.091   1.091      42.251       1.000
 5 Soft-sphere overlap restraints     :    7525       0      0   0.002   0.002      4.3432       1.000
 6 Lennard-Jones 6-12 potential       :       0       0      0   0.000   0.000      0.0000       1.000
 7 Coulomb point-point electrostatic p:       0       0      0   0.000   0.000      0.0000       1.000
 8 H-bonding potential                :       0       0      0   0.000   0.000      0.0000       1.000
 9 Distance restraints 1 (CA-CA)      :    9374       0      0   0.097   0.097      109.32       1.000
10 Distance restraints 2 (N-O)        :    9207       0      0   0.136   0.136      178.15       1.000
11 Mainchain Phi dihedral restraints  :       0       0      0   0.000   0.000      0.0000       1.000
12 Mainchain Psi dihedral restraints  :       0       0      0   0.000   0.000      0.0000       1.000
13 Mainchain Omega dihedral restraints:     470       0      2   3.749   3.749      75.230       1.000
14 Sidechain Chi_1 dihedral restraints:     395       0      3  46.891  46.891      17.796       1.000
15 Sidechain Chi_2 dihedral restraints:     298       0      1  62.979  62.979      78.989       1.000
16 Sidechain Chi_3 dihedral restraints:     132       0      0  50.096  50.096      70.432       1.000
17 Sidechain Chi_4 dihedral restraints:      48       0      0  72.392  72.392      29.305       1.000
18 Disulfide distance restraints      :       0       0      0   0.000   0.000      0.0000       1.000
19 Disulfide angle restraints         :       0       0      0   0.000   0.000      0.0000       1.000
20 Disulfide dihedral angle restraints:       0       0      0   0.000   0.000      0.0000       1.000
21 Lower bound distance restraints    :       0       0      0   0.000   0.000      0.0000       1.000
22 Upper bound distance restraints    :       0       0      0   0.000   0.000      0.0000       1.000
23 Distance restraints 3 (SDCH-MNCH)  :    7370       0      0   0.386   0.386      194.71       1.000
24 Sidechain Chi_5 dihedral restraints:       0       0      0   0.000   0.000      0.0000       1.000
25 Phi/Psi pair of dihedral restraints:     468      24     27  21.104  49.857      9.1488       1.000
26 Distance restraints 4 (SDCH-SDCH)  :    5040       0     10   0.745   0.745      402.30       1.000
27 Distance restraints 5 (X-Y)        :       0       0      0   0.000   0.000      0.0000       1.000
28 NMR distance restraints 6 (X-Y)    :       0       0      0   0.000   0.000      0.0000       1.000
29 NMR distance restraints 7 (X-Y)    :       0       0      0   0.000   0.000      0.0000       1.000
30 Minimal distance restraints        :       0       0      0   0.000   0.000      0.0000       1.000
31 Non-bonded restraints              :       0       0      0   0.000   0.000      0.0000       1.000
32 Atomic accessibility restraints    :       0       0      0   0.000   0.000      0.0000       1.000
33 Atomic density restraints          :       0       0      0   0.000   0.000      0.0000       1.000
34 Absolute position restraints       :       0       0      0   0.000   0.000      0.0000       1.000
35 Dihedral angle difference restraint:       0       0      0   0.000   0.000      0.0000       1.000
36 GBSA implicit solvent potential    :       0       0      0   0.000   0.000      0.0000       1.000
37 EM density fitting potential       :       0       0      0   0.000   0.000      0.0000       1.000
38 SAXS restraints                    :       0       0      0   0.000   0.000      0.0000       1.000
39 Symmetry restraints                :       0       0      0   0.000   0.000      0.0000       1.000



# Heavy relative violation of each residue is written to: abl+pep.V99990015
# The profile is NOT normalized by the number of restraints.
# The profiles are smoothed over a window of residues:    1
# The sum of all numbers in the file:   37218.6797



List of the violated restraints:
   A restraint is violated when the relative difference
   from the best value (RVIOL) is larger than CUTOFF.

   ICSR   ... index of a restraint in the current set.
   RESNO  ... residue numbers of the first two atoms.
   ATM    ... IUPAC atom names of the first two atoms.
   FEAT   ... the value of the feature in the model.
   restr  ... the mean of the basis restraint with the smallest
              difference from the model (local minimum).
   viol   ... difference from the local minimum.
   rviol  ... relative difference from the local minimum.
   RESTR  ... the best value (global minimum).
   VIOL   ... difference from the best value.
   RVIOL  ... relative difference from the best value.


-------------------------------------------------------------------------------------------------

Feature 25                           : Phi/Psi pair of dihedral restraints     
List of the RVIOL violations larger than   :       6.5000

    #   ICSR  RESNO1/2 ATM1/2   INDATM1/2    FEAT   restr    viol   rviol   RESTR    VIOL   RVIOL
    1  13208  31N  32H C   N     240  242  -57.51  -63.20    6.70    0.84 -125.60 -171.89    8.21
    1         32H  32H N   CA    242  243  -45.84  -42.30                  138.80
    2  13313 136V 137H C   N    1076 1078  -64.26  -63.20    1.24    0.21 -125.60 -171.49    8.14
    2        137H 137H N   CA   1078 1079  -42.95  -42.30                  138.80
    3  13314 137H 138H C   N    1086 1088  -62.36  -63.20    2.16    0.23 -125.60 -172.13    8.14
    3        138H 138H N   CA   1088 1089  -44.29  -42.30                  138.80
    4  13327 150L 151H C   N    1181 1183 -115.15  -63.20   52.94    8.82 -125.60  169.05    6.62
    4        151H 151H N   CA   1183 1184  -52.47  -42.30                  138.80
    5  13410 233P 234N C   N    1860 1862 -108.47  -63.20   85.44    9.18  -63.20   85.44    9.18
    5        234N 234N N   CA   1862 1863   31.36  -41.10                  -41.10
    6  13474 297I 298H C   N    2386 2388  -73.80  -63.20   11.62    1.99 -125.60 -178.33    7.75
    6        298H 298H N   CA   2388 2389  -47.07  -42.30                  138.80
    7  13476 299R 300N C   N    2407 2409 -145.74 -119.90   86.95    4.46  -63.20  125.91   13.81
    7        300N 300N N   CA   2409 2410   53.98  137.00                  -41.10
    8  13481 304R 305N C   N    2444 2446 -101.00  -63.20   77.76    8.36  -63.20   77.76    8.36
    8        305N 305N N   CA   2446 2447   26.85  -41.10                  -41.10
    9  13488 311N 312H C   N    2494 2496   59.51   56.30    9.21    0.66 -125.60 -155.16    8.98
    9        312H 312H N   CA   2496 2497   32.16   40.80                  138.80
   10  13603 426I 427H C   N    3427 3429  -62.74  -63.20    1.35    0.15 -125.60 -171.58    8.16
   10        427H 427H N   CA   3429 3430  -43.57  -42.30                  138.80
   11  13610 433M 434F C   N    3486 3488  -85.87  -63.20   56.96    6.63  -63.20   56.96    6.63
   11        434F 434F N   CA   3488 3489    7.95  -44.30                  -44.30
   12  13626 449K 450Q C   N    3613 3615 -132.34 -121.10   65.03    2.89  -63.80  134.69   23.31
   12        450Q 450Q N   CA   3615 3616 -156.25  139.70                  -40.30
   13  13628 453W 454G C   N    3648 3650 -167.11 -167.20    8.10    0.32   82.20 -167.09   14.13
   13        454G 454G N   CA   3650 3651  166.50  174.60                    8.50
   14  13630 455G 456G C   N    3656 3658 -158.63 -167.20    8.81    0.22   82.20 -153.92   15.13
   14        456G 456G N   CA   3658 3659  176.64  174.60                    8.50
   15  13631 456G 457G C   N    3660 3662 -168.23 -167.20    5.62    0.21   82.20 -156.38   14.69
   15        457G 457G N   CA   3662 3663 -179.88  174.60                    8.50
   16  13633 458G 459G C   N    3668 3670   94.98   78.70   33.05    0.50   82.20  157.16    8.27
   16        459G 459G N   CA   3670 3671  165.14 -166.10                    8.50
   17  13635 460G 461G C   N    3676 3678   89.38   78.70   10.68    0.54   82.20  174.72    8.12
   17        461G 461G N   CA   3678 3679 -166.07 -166.10                    8.50
   18  13636 461G 462G C   N    3680 3682   90.90   78.70   29.21    0.44   82.20  159.09    8.16
   18        462G 462G N   CA   3682 3683  167.36 -166.10                    8.50
   19  13638 463G 464G C   N    3688 3690  151.12 -167.20   41.68    0.80   82.20  179.66   11.93
   19        464G 464G N   CA   3690 3691  174.41  174.60                    8.50
   20  13639 464G 465G C   N    3692 3694   79.07   78.70    3.81    0.09   82.20  178.42    8.82
   20        465G 465G N   CA   3694 3695 -169.89 -166.10                    8.50
   21  13642 467G 468G C   N    3704 3706 -134.15 -167.20   35.34    1.01   82.20 -130.79   17.14
   21        468G 468G N   CA   3706 3707 -172.88  174.60                    8.50
   22  13643 468G 469G C   N    3708 3710 -141.51 -167.20   26.32    0.40   82.20 -149.56   15.85
   22        469G 469G N   CA   3710 3711  168.85  174.60                    8.50
   23  13644 469G 470G C   N    3712 3714  128.49   78.70   52.78    2.13   82.20  174.13   10.68
   23        470G 470G N   CA   3714 3715  176.36 -166.10                    8.50
   24  13645 470G 471G C   N    3716 3718   96.02   78.70   29.97    0.51   82.20  161.53    8.53
   24        471G 471G N   CA   3718 3719  169.44 -166.10                    8.50


report______> Distribution of short non-bonded contacts:


DISTANCE1:  0.00 2.10 2.20 2.30 2.40 2.50 2.60 2.70 2.80 2.90 3.00 3.10 3.20 3.30 3.40
DISTANCE2:  2.10 2.20 2.30 2.40 2.50 2.60 2.70 2.80 2.90 3.00 3.10 3.20 3.30 3.40 3.50
FREQUENCY:     0    0    0    0    0    8   23  104  169  337  264  384  525  575  612


<< end of ENERGY.
iupac_m_397W> Atoms were not swapped because of the uncertainty of how to handle the H atom.
iupac_m_397W> Atoms were not swapped because of the uncertainty of how to handle the H atom.
iupac_m_397W> Atoms were not swapped because of the uncertainty of how to handle the H atom.
iupac_m_397W> Atoms were not swapped because of the uncertainty of how to handle the H atom.
iupac_m_397W> Atoms were not swapped because of the uncertainty of how to handle the H atom.
iupac_m_397W> Atoms were not swapped because of the uncertainty of how to handle the H atom.
iupac_m_397W> Atoms were not swapped because of the uncertainty of how to handle the H atom.
iupac_m_397W> Atoms were not swapped because of the uncertainty of how to handle the H atom.
iupac_m_397W> Atoms were not swapped because of the uncertainty of how to handle the H atom.
iupac_m_397W> Atoms were not swapped because of the uncertainty of how to handle the H atom.
iupac_m_397W> Atoms were not swapped because of the uncertainty of how to handle the H atom.
iupac_m_397W> Atoms were not swapped because of the uncertainty of how to handle the H atom.
iupac_m_484W> Dihedral still outside +-90:       90.1112
iupac_m_397W> Atoms were not swapped because of the uncertainty of how to handle the H atom.
iupac_m_397W> Atoms were not swapped because of the uncertainty of how to handle the H atom.
iupac_m_397W> Atoms were not swapped because of the uncertainty of how to handle the H atom.
iupac_m_397W> Atoms were not swapped because of the uncertainty of how to handle the H atom.
>> Model assessment by DOPE potential
iatmcls_286W> MODEL atom not classified:  VAL:OXT  VAL
iatmcls_286W> MODEL atom not classified:  TRP:OXT  TRP


>> ENERGY; Differences between the model's features and restraints:
Number of all residues in MODEL                   :      472
Number of all, selected real atoms                :     3736    3736
Number of all, selected pseudo atoms              :        0       0
Number of all static, selected restraints         :    45979   45979
COVALENT_CYS                                      :        F
NONBONDED_SEL_ATOMS                               :        1
Number of non-bonded pairs (excluding 1-2,1-3,1-4):   763773
Dynamic pairs routine                             : 1, NATM x NATM double loop
Atomic shift for contacts update (UPDATE_DYNAMIC) :    0.390
LENNARD_JONES_SWITCH                              :    6.500   7.500
COULOMB_JONES_SWITCH                              :    6.500   7.500
RESIDUE_SPAN_RANGE                                :        1    9999
NLOGN_USE                                         :       15
CONTACT_SHELL                                     :   15.000
DYNAMIC_PAIRS,_SPHERE,_COULOMB,_LENNARD,_MODELLER :        T       F       F       F       T
SPHERE_STDV                                       :    0.050
RADII_FACTOR                                      :    0.820
Current energy                                    :      -54520.0586




<< end of ENERGY.
DOPE score               : -54520.058594
>> Model assessment by GA341 potential

Surface library          : /Users/kehuang/miniconda3/lib/modeller-10.4/modlib/surf5.de
Pair library             : /Users/kehuang/miniconda3/lib/modeller-10.4/modlib/pair9.de
Chain identifier         : _
% sequence identity      :    96.231003
Sequence length          :          452
Compactness              :     0.244646
Native energy (pair)     :  -462.514399
Native energy (surface)  :   -34.214030
Native energy (combined) :   -14.866240
Z score (pair)           :   -12.240517
Z score (surface)        :   -10.037511
Z score (combined)       :   -14.045687
GA341 score              :     1.000000



>> ENERGY; Differences between the model's features and restraints:
Number of all residues in MODEL                   :      472
Number of all, selected real atoms                :     3736    3736
Number of all, selected pseudo atoms              :        0       0
Number of all static, selected restraints         :    45979   45979
COVALENT_CYS                                      :        F
NONBONDED_SEL_ATOMS                               :        1
Number of non-bonded pairs (excluding 1-2,1-3,1-4):     7705
Dynamic pairs routine                             : 2, NATM x NATM cell sorting
Atomic shift for contacts update (UPDATE_DYNAMIC) :    0.390
LENNARD_JONES_SWITCH                              :    6.500   7.500
COULOMB_JONES_SWITCH                              :    6.500   7.500
RESIDUE_SPAN_RANGE                                :        0   99999
NLOGN_USE                                         :       15
CONTACT_SHELL                                     :    4.000
DYNAMIC_PAIRS,_SPHERE,_COULOMB,_LENNARD,_MODELLER :        T       T       F       F       F
SPHERE_STDV                                       :    0.050
RADII_FACTOR                                      :    0.820
Current energy                                    :        2511.4243





Summary of the restraint violations: 

   NUM     ... number of restraints.
   NUMVI   ... number of restraints with RVIOL > VIOL_REPORT_CUT[i].
   RVIOL   ... relative difference from the best value.
   NUMVP   ... number of restraints with -Ln(pdf) > VIOL_REPORT_CUT2[i].
   RMS_1   ... RMS(feature, minimally_violated_basis_restraint, NUMB).
   RMS_2   ... RMS(feature, best_value, NUMB).
   MOL.PDF ... scaled contribution to -Ln(Molecular pdf).

 #                     RESTRAINT_GROUP      NUM   NUMVI  NUMVP   RMS_1   RMS_2         MOL.PDF     S_i
------------------------------------------------------------------------------------------------------
 1 Bond length potential              :    3833       0      0   0.006   0.006      35.076       1.000
 2 Bond angle potential               :    5191       0      4   1.848   1.848      347.26       1.000
 3 Stereochemical cosine torsion poten:    2521       0     57  46.355  46.355      837.54       1.000
 4 Stereochemical improper torsion pot:    1632       0      0   1.159   1.159      46.440       1.000
 5 Soft-sphere overlap restraints     :    7705       0      0   0.002   0.002      4.7644       1.000
 6 Lennard-Jones 6-12 potential       :       0       0      0   0.000   0.000      0.0000       1.000
 7 Coulomb point-point electrostatic p:       0       0      0   0.000   0.000      0.0000       1.000
 8 H-bonding potential                :       0       0      0   0.000   0.000      0.0000       1.000
 9 Distance restraints 1 (CA-CA)      :    9374       0      0   0.096   0.096      108.95       1.000
10 Distance restraints 2 (N-O)        :    9207       0      0   0.139   0.139      184.01       1.000
11 Mainchain Phi dihedral restraints  :       0       0      0   0.000   0.000      0.0000       1.000
12 Mainchain Psi dihedral restraints  :       0       0      0   0.000   0.000      0.0000       1.000
13 Mainchain Omega dihedral restraints:     470       0      4   3.777   3.777      76.367       1.000
14 Sidechain Chi_1 dihedral restraints:     395       0      2  48.877  48.877      25.079       1.000
15 Sidechain Chi_2 dihedral restraints:     298       0      1  64.989  64.989      72.373       1.000
16 Sidechain Chi_3 dihedral restraints:     132       0      0  58.842  58.842      82.128       1.000
17 Sidechain Chi_4 dihedral restraints:      48       0      0  67.295  67.295      28.503       1.000
18 Disulfide distance restraints      :       0       0      0   0.000   0.000      0.0000       1.000
19 Disulfide angle restraints         :       0       0      0   0.000   0.000      0.0000       1.000
20 Disulfide dihedral angle restraints:       0       0      0   0.000   0.000      0.0000       1.000
21 Lower bound distance restraints    :       0       0      0   0.000   0.000      0.0000       1.000
22 Upper bound distance restraints    :       0       0      0   0.000   0.000      0.0000       1.000
23 Distance restraints 3 (SDCH-MNCH)  :    7370       0      0   0.391   0.391      201.86       1.000
24 Sidechain Chi_5 dihedral restraints:       0       0      0   0.000   0.000      0.0000       1.000
25 Phi/Psi pair of dihedral restraints:     468      27     27  21.004  52.048      4.1668       1.000
26 Distance restraints 4 (SDCH-SDCH)  :    5040       0     11   0.796   0.796      456.91       1.000
27 Distance restraints 5 (X-Y)        :       0       0      0   0.000   0.000      0.0000       1.000
28 NMR distance restraints 6 (X-Y)    :       0       0      0   0.000   0.000      0.0000       1.000
29 NMR distance restraints 7 (X-Y)    :       0       0      0   0.000   0.000      0.0000       1.000
30 Minimal distance restraints        :       0       0      0   0.000   0.000      0.0000       1.000
31 Non-bonded restraints              :       0       0      0   0.000   0.000      0.0000       1.000
32 Atomic accessibility restraints    :       0       0      0   0.000   0.000      0.0000       1.000
33 Atomic density restraints          :       0       0      0   0.000   0.000      0.0000       1.000
34 Absolute position restraints       :       0       0      0   0.000   0.000      0.0000       1.000
35 Dihedral angle difference restraint:       0       0      0   0.000   0.000      0.0000       1.000
36 GBSA implicit solvent potential    :       0       0      0   0.000   0.000      0.0000       1.000
37 EM density fitting potential       :       0       0      0   0.000   0.000      0.0000       1.000
38 SAXS restraints                    :       0       0      0   0.000   0.000      0.0000       1.000
39 Symmetry restraints                :       0       0      0   0.000   0.000      0.0000       1.000



# Heavy relative violation of each residue is written to: abl+pep.V99990016
# The profile is NOT normalized by the number of restraints.
# The profiles are smoothed over a window of residues:    1
# The sum of all numbers in the file:   38414.1680



List of the violated restraints:
   A restraint is violated when the relative difference
   from the best value (RVIOL) is larger than CUTOFF.

   ICSR   ... index of a restraint in the current set.
   RESNO  ... residue numbers of the first two atoms.
   ATM    ... IUPAC atom names of the first two atoms.
   FEAT   ... the value of the feature in the model.
   restr  ... the mean of the basis restraint with the smallest
              difference from the model (local minimum).
   viol   ... difference from the local minimum.
   rviol  ... relative difference from the local minimum.
   RESTR  ... the best value (global minimum).
   VIOL   ... difference from the best value.
   RVIOL  ... relative difference from the best value.


-------------------------------------------------------------------------------------------------

Feature 25                           : Phi/Psi pair of dihedral restraints     
List of the RVIOL violations larger than   :       6.5000

    #   ICSR  RESNO1/2 ATM1/2   INDATM1/2    FEAT   restr    viol   rviol   RESTR    VIOL   RVIOL
    1  13208  31N  32H C   N     240  242  -57.25  -63.20    6.98    0.87 -125.60 -171.90    8.21
    1         32H  32H N   CA    242  243  -45.96  -42.30                  138.80
    2  13313 136V 137H C   N    1076 1078  -64.16  -63.20    1.32    0.15 -125.60 -169.98    8.20
    2        137H 137H N   CA   1078 1079  -41.39  -42.30                  138.80
    3  13314 137H 138H C   N    1086 1088  -59.73  -63.20    7.49    0.80 -125.60 -175.58    8.04
    3        138H 138H N   CA   1088 1089  -48.94  -42.30                  138.80
    4  13327 150L 151H C   N    1181 1183 -116.56  -63.20   53.75    8.81 -125.60  172.69    6.73
    4        151H 151H N   CA   1183 1184  -48.75  -42.30                  138.80
    5  13410 233P 234N C   N    1860 1862 -113.67 -119.90   91.61    4.02  -63.20  100.32   10.78
    5        234N 234N N   CA   1862 1863   45.60  137.00                  -41.10
    6  13474 297I 298H C   N    2386 2388  -74.26  -63.20   12.13    2.08 -125.60 -178.65    7.74
    6        298H 298H N   CA   2388 2389  -47.27  -42.30                  138.80
    7  13476 299R 300N C   N    2407 2409 -146.56 -119.90   88.74    4.55  -63.20  125.23   13.77
    7        300N 300N N   CA   2409 2410   52.36  137.00                  -41.10
    8  13488 311N 312H C   N    2494 2496   58.58   56.30    7.94    0.57 -125.60 -154.90    8.98
    8        312H 312H N   CA   2496 2497   33.19   40.80                  138.80
    9  13603 426I 427H C   N    3427 3429  -63.89  -63.20    0.70    0.12 -125.60 -170.86    8.17
    9        427H 427H N   CA   3429 3430  -42.41  -42.30                  138.80
   10  13610 433M 434F C   N    3486 3488  -85.89  -63.20   57.49    6.70  -63.20   57.49    6.70
   10        434F 434F N   CA   3488 3489    8.52  -44.30                  -44.30
   11  13626 449K 450Q C   N    3613 3615 -121.45 -121.10    0.35    0.01  -63.80 -171.03   25.16
   11        450Q 450Q N   CA   3615 3616  139.66  139.70                  -40.30
   12  13627 450Q 451G C   N    3622 3624   83.82   78.70   19.97    0.37   82.20  166.10    8.15
   12        451G 451G N   CA   3624 3625  174.59 -166.10                    8.50
   13  13628 453W 454G C   N    3648 3650  143.42 -167.20   50.83    0.76   82.20 -171.59   12.05
   13        454G 454G N   CA   3650 3651 -173.31  174.60                    8.50
   14  13629 454G 455G C   N    3652 3654   60.38   78.70   31.65    0.53   82.20  150.39    8.38
   14        455G 455G N   CA   3654 3655 -140.30 -166.10                    8.50
   15  13630 455G 456G C   N    3656 3658   73.09   78.70   15.64    0.25   82.20  160.26    8.24
   15        456G 456G N   CA   3658 3659 -151.50 -166.10                    8.50
   16  13632 457G 458G C   N    3664 3666  128.73   78.70   52.35    2.18   82.20  176.23   10.80
   16        458G 458G N   CA   3666 3667  178.48 -166.10                    8.50
   17  13633 458G 459G C   N    3668 3670  -70.18  -80.20   25.76    0.61   82.20 -151.80    6.78
   17        459G 459G N   CA   3670 3671  150.37  174.10                    8.50
   18  13634 459G 460G C   N    3672 3674 -132.24 -167.20   44.90    0.88   82.20 -159.48   15.45
   18        460G 460G N   CA   3674 3675  146.42  174.60                    8.50
   19  13635 460G 461G C   N    3676 3678  148.47 -167.20   49.64    1.54   82.20  158.29   10.73
   19        461G 461G N   CA   3678 3679  152.25  174.60                    8.50
   20  13636 461G 462G C   N    3680 3682 -163.83 -167.20   25.67    0.96   82.20 -178.98   13.55
   20        462G 462G N   CA   3682 3683  149.15  174.60                    8.50
   21  13637 462G 463G C   N    3684 3686  -88.61  -80.20   14.02    0.37   82.20 -114.16    7.55
   21        463G 463G N   CA   3686 3687 -174.69  174.10                    8.50
   22  13638 463G 464G C   N    3688 3690  -77.32  -80.20    8.66    0.22   82.20 -135.88    7.06
   22        464G 464G N   CA   3690 3691  165.93  174.10                    8.50
   23  13639 464G 465G C   N    3692 3694 -150.78 -167.20   16.46    0.29   82.20 -151.84   15.47
   23        465G 465G N   CA   3694 3695  173.42  174.60                    8.50
   24  13641 466G 467G C   N    3700 3702 -125.61 -167.20   42.71    0.64   82.20 -141.80   16.69
   24        467G 467G N   CA   3702 3703  164.86  174.60                    8.50
   25  13642 467G 468G C   N    3704 3706  -82.18  -80.20    4.93    0.12   82.20 -123.44    7.26
   25        468G 468G N   CA   3706 3707  178.61  174.10                    8.50
   26  13643 468G 469G C   N    3708 3710  -83.33  -80.20   19.23    0.60   82.20 -118.80   18.39
   26        469G 469G N   CA   3710 3711 -166.93  174.10                    8.50
   27  13645 470G 471G C   N    3716 3718  -83.21  -80.20   14.89    0.44   82.20 -115.67   18.58
   27        471G 471G N   CA   3718 3719 -171.32  174.10                    8.50


report______> Distribution of short non-bonded contacts:


DISTANCE1:  0.00 2.10 2.20 2.30 2.40 2.50 2.60 2.70 2.80 2.90 3.00 3.10 3.20 3.30 3.40
DISTANCE2:  2.10 2.20 2.30 2.40 2.50 2.60 2.70 2.80 2.90 3.00 3.10 3.20 3.30 3.40 3.50
FREQUENCY:     0    0    0    0    0   12   34  112  200  318  295  392  541  556  603


<< end of ENERGY.
iupac_m_397W> Atoms were not swapped because of the uncertainty of how to handle the H atom.
iupac_m_397W> Atoms were not swapped because of the uncertainty of how to handle the H atom.
iupac_m_397W> Atoms were not swapped because of the uncertainty of how to handle the H atom.
iupac_m_397W> Atoms were not swapped because of the uncertainty of how to handle the H atom.
iupac_m_397W> Atoms were not swapped because of the uncertainty of how to handle the H atom.
iupac_m_397W> Atoms were not swapped because of the uncertainty of how to handle the H atom.
iupac_m_397W> Atoms were not swapped because of the uncertainty of how to handle the H atom.
iupac_m_397W> Atoms were not swapped because of the uncertainty of how to handle the H atom.
iupac_m_397W> Atoms were not swapped because of the uncertainty of how to handle the H atom.
iupac_m_397W> Atoms were not swapped because of the uncertainty of how to handle the H atom.
iupac_m_397W> Atoms were not swapped because of the uncertainty of how to handle the H atom.
iupac_m_397W> Atoms were not swapped because of the uncertainty of how to handle the H atom.
iupac_m_397W> Atoms were not swapped because of the uncertainty of how to handle the H atom.
iupac_m_397W> Atoms were not swapped because of the uncertainty of how to handle the H atom.
iupac_m_397W> Atoms were not swapped because of the uncertainty of how to handle the H atom.
iupac_m_397W> Atoms were not swapped because of the uncertainty of how to handle the H atom.
>> Model assessment by DOPE potential
iatmcls_286W> MODEL atom not classified:  VAL:OXT  VAL
iatmcls_286W> MODEL atom not classified:  TRP:OXT  TRP


>> ENERGY; Differences between the model's features and restraints:
Number of all residues in MODEL                   :      472
Number of all, selected real atoms                :     3736    3736
Number of all, selected pseudo atoms              :        0       0
Number of all static, selected restraints         :    45979   45979
COVALENT_CYS                                      :        F
NONBONDED_SEL_ATOMS                               :        1
Number of non-bonded pairs (excluding 1-2,1-3,1-4):   762298
Dynamic pairs routine                             : 1, NATM x NATM double loop
Atomic shift for contacts update (UPDATE_DYNAMIC) :    0.390
LENNARD_JONES_SWITCH                              :    6.500   7.500
COULOMB_JONES_SWITCH                              :    6.500   7.500
RESIDUE_SPAN_RANGE                                :        1    9999
NLOGN_USE                                         :       15
CONTACT_SHELL                                     :   15.000
DYNAMIC_PAIRS,_SPHERE,_COULOMB,_LENNARD,_MODELLER :        T       F       F       F       T
SPHERE_STDV                                       :    0.050
RADII_FACTOR                                      :    0.820
Current energy                                    :      -54645.3164




<< end of ENERGY.
DOPE score               : -54645.316406
>> Model assessment by GA341 potential

Surface library          : /Users/kehuang/miniconda3/lib/modeller-10.4/modlib/surf5.de
Pair library             : /Users/kehuang/miniconda3/lib/modeller-10.4/modlib/pair9.de
Chain identifier         : _
% sequence identity      :    96.231003
Sequence length          :          452
Compactness              :     0.245610
Native energy (pair)     :  -449.079025
Native energy (surface)  :   -33.329514
Native energy (combined) :   -14.613666
Z score (pair)           :   -12.086496
Z score (surface)        :   -10.055528
Z score (combined)       :   -14.069516
GA341 score              :     1.000000



>> ENERGY; Differences between the model's features and restraints:
Number of all residues in MODEL                   :      472
Number of all, selected real atoms                :     3736    3736
Number of all, selected pseudo atoms              :        0       0
Number of all static, selected restraints         :    45979   45979
COVALENT_CYS                                      :        F
NONBONDED_SEL_ATOMS                               :        1
Number of non-bonded pairs (excluding 1-2,1-3,1-4):     7722
Dynamic pairs routine                             : 2, NATM x NATM cell sorting
Atomic shift for contacts update (UPDATE_DYNAMIC) :    0.390
LENNARD_JONES_SWITCH                              :    6.500   7.500
COULOMB_JONES_SWITCH                              :    6.500   7.500
RESIDUE_SPAN_RANGE                                :        0   99999
NLOGN_USE                                         :       15
CONTACT_SHELL                                     :    4.000
DYNAMIC_PAIRS,_SPHERE,_COULOMB,_LENNARD,_MODELLER :        T       T       F       F       F
SPHERE_STDV                                       :    0.050
RADII_FACTOR                                      :    0.820
Current energy                                    :        2376.4758





Summary of the restraint violations: 

   NUM     ... number of restraints.
   NUMVI   ... number of restraints with RVIOL > VIOL_REPORT_CUT[i].
   RVIOL   ... relative difference from the best value.
   NUMVP   ... number of restraints with -Ln(pdf) > VIOL_REPORT_CUT2[i].
   RMS_1   ... RMS(feature, minimally_violated_basis_restraint, NUMB).
   RMS_2   ... RMS(feature, best_value, NUMB).
   MOL.PDF ... scaled contribution to -Ln(Molecular pdf).

 #                     RESTRAINT_GROUP      NUM   NUMVI  NUMVP   RMS_1   RMS_2         MOL.PDF     S_i
------------------------------------------------------------------------------------------------------
 1 Bond length potential              :    3833       0      0   0.006   0.006      35.242       1.000
 2 Bond angle potential               :    5191       0      6   1.829   1.829      340.41       1.000
 3 Stereochemical cosine torsion poten:    2521       0     57  46.442  46.442      837.69       1.000
 4 Stereochemical improper torsion pot:    1632       0      0   1.109   1.109      43.385       1.000
 5 Soft-sphere overlap restraints     :    7722       0      0   0.002   0.002      4.6730       1.000
 6 Lennard-Jones 6-12 potential       :       0       0      0   0.000   0.000      0.0000       1.000
 7 Coulomb point-point electrostatic p:       0       0      0   0.000   0.000      0.0000       1.000
 8 H-bonding potential                :       0       0      0   0.000   0.000      0.0000       1.000
 9 Distance restraints 1 (CA-CA)      :    9374       0      0   0.090   0.090      95.181       1.000
10 Distance restraints 2 (N-O)        :    9207       0      0   0.136   0.136      174.43       1.000
11 Mainchain Phi dihedral restraints  :       0       0      0   0.000   0.000      0.0000       1.000
12 Mainchain Psi dihedral restraints  :       0       0      0   0.000   0.000      0.0000       1.000
13 Mainchain Omega dihedral restraints:     470       0      2   3.623   3.623      69.987       1.000
14 Sidechain Chi_1 dihedral restraints:     395       0      2  44.316  44.316     -2.0348       1.000
15 Sidechain Chi_2 dihedral restraints:     298       0      2  63.359  63.359      80.834       1.000
16 Sidechain Chi_3 dihedral restraints:     132       0      0  51.886  51.886      76.325       1.000
17 Sidechain Chi_4 dihedral restraints:      48       0      0  84.598  84.598      30.074       1.000
18 Disulfide distance restraints      :       0       0      0   0.000   0.000      0.0000       1.000
19 Disulfide angle restraints         :       0       0      0   0.000   0.000      0.0000       1.000
20 Disulfide dihedral angle restraints:       0       0      0   0.000   0.000      0.0000       1.000
21 Lower bound distance restraints    :       0       0      0   0.000   0.000      0.0000       1.000
22 Upper bound distance restraints    :       0       0      0   0.000   0.000      0.0000       1.000
23 Distance restraints 3 (SDCH-MNCH)  :    7370       0      0   0.356   0.356      169.54       1.000
24 Sidechain Chi_5 dihedral restraints:       0       0      0   0.000   0.000      0.0000       1.000
25 Phi/Psi pair of dihedral restraints:     468      25     29  20.611  50.755      18.253       1.000
26 Distance restraints 4 (SDCH-SDCH)  :    5040       0      8   0.742   0.742      402.47       1.000
27 Distance restraints 5 (X-Y)        :       0       0      0   0.000   0.000      0.0000       1.000
28 NMR distance restraints 6 (X-Y)    :       0       0      0   0.000   0.000      0.0000       1.000
29 NMR distance restraints 7 (X-Y)    :       0       0      0   0.000   0.000      0.0000       1.000
30 Minimal distance restraints        :       0       0      0   0.000   0.000      0.0000       1.000
31 Non-bonded restraints              :       0       0      0   0.000   0.000      0.0000       1.000
32 Atomic accessibility restraints    :       0       0      0   0.000   0.000      0.0000       1.000
33 Atomic density restraints          :       0       0      0   0.000   0.000      0.0000       1.000
34 Absolute position restraints       :       0       0      0   0.000   0.000      0.0000       1.000
35 Dihedral angle difference restraint:       0       0      0   0.000   0.000      0.0000       1.000
36 GBSA implicit solvent potential    :       0       0      0   0.000   0.000      0.0000       1.000
37 EM density fitting potential       :       0       0      0   0.000   0.000      0.0000       1.000
38 SAXS restraints                    :       0       0      0   0.000   0.000      0.0000       1.000
39 Symmetry restraints                :       0       0      0   0.000   0.000      0.0000       1.000



# Heavy relative violation of each residue is written to: abl+pep.V99990017
# The profile is NOT normalized by the number of restraints.
# The profiles are smoothed over a window of residues:    1
# The sum of all numbers in the file:   36425.6836



List of the violated restraints:
   A restraint is violated when the relative difference
   from the best value (RVIOL) is larger than CUTOFF.

   ICSR   ... index of a restraint in the current set.
   RESNO  ... residue numbers of the first two atoms.
   ATM    ... IUPAC atom names of the first two atoms.
   FEAT   ... the value of the feature in the model.
   restr  ... the mean of the basis restraint with the smallest
              difference from the model (local minimum).
   viol   ... difference from the local minimum.
   rviol  ... relative difference from the local minimum.
   RESTR  ... the best value (global minimum).
   VIOL   ... difference from the best value.
   RVIOL  ... relative difference from the best value.


-------------------------------------------------------------------------------------------------

Feature 25                           : Phi/Psi pair of dihedral restraints     
List of the RVIOL violations larger than   :       6.5000

    #   ICSR  RESNO1/2 ATM1/2   INDATM1/2    FEAT   restr    viol   rviol   RESTR    VIOL   RVIOL
    1  13208  31N  32H C   N     240  242  -57.99  -63.20    6.09    0.76 -125.60 -171.71    8.21
    1         32H  32H N   CA    242  243  -45.47  -42.30                  138.80
    2  13314 137H 138H C   N    1086 1088  -60.47  -63.20    5.93    0.63 -125.60 -174.55    8.07
    2        138H 138H N   CA   1088 1089  -47.56  -42.30                  138.80
    3  13327 150L 151H C   N    1181 1183 -113.02  -63.20   51.69    8.72 -125.60  165.61    6.53
    3        151H 151H N   CA   1183 1184  -56.07  -42.30                  138.80
    4  13410 233P 234N C   N    1860 1862 -107.82  -63.20   83.47    8.97  -63.20   83.47    8.97
    4        234N 234N N   CA   1862 1863   29.44  -41.10                  -41.10
    5  13474 297I 298H C   N    2386 2388  -74.77  -63.20   12.47    2.13 -125.60 -178.46    7.74
    5        298H 298H N   CA   2388 2389  -46.92  -42.30                  138.80
    6  13476 299R 300N C   N    2407 2409 -146.10 -119.90   86.08    4.42  -63.20  126.92   13.91
    6        300N 300N N   CA   2409 2410   55.00  137.00                  -41.10
    7  13488 311N 312H C   N    2494 2496   59.08   56.30    8.88    0.64 -125.60 -154.90    8.99
    7        312H 312H N   CA   2496 2497   32.37   40.80                  138.80
    8  13603 426I 427H C   N    3427 3429  -63.78  -63.20    0.71    0.12 -125.60 -171.10    8.16
    8        427H 427H N   CA   3429 3430  -42.70  -42.30                  138.80
    9  13610 433M 434F C   N    3486 3488  -87.46  -63.20   57.82    6.68  -63.20   57.82    6.68
    9        434F 434F N   CA   3488 3489    8.18  -44.30                  -44.30
   10  13626 449K 450Q C   N    3613 3615 -122.10 -121.10    6.36    0.32  -63.80 -176.75   24.32
   10        450Q 450Q N   CA   3615 3616  133.42  139.70                  -40.30
   11  13627 450Q 451G C   N    3622 3624 -166.05 -167.20    4.00    0.14   82.20 -162.98   14.39
   11        451G 451G N   CA   3624 3625  170.77  174.60                    8.50
   12  13628 453W 454G C   N    3648 3650 -164.49 -167.20   10.19    0.42   82.20 -150.75   15.12
   12        454G 454G N   CA   3650 3651 -175.58  174.60                    8.50
   13  13629 454G 455G C   N    3652 3654  -71.75  -80.20   14.68    0.37   82.20 -142.53    6.81
   13        455G 455G N   CA   3654 3655  162.10  174.10                    8.50
   14  13632 457G 458G C   N    3664 3666 -126.22 -167.20   46.88    0.75   82.20 -151.39   16.07
   14        458G 458G N   CA   3666 3667  151.83  174.60                    8.50
   15  13633 458G 459G C   N    3668 3670   74.29   78.70    4.93    0.18   82.20  172.58    8.78
   15        459G 459G N   CA   3670 3671 -163.90 -166.10                    8.50
   16  13636 461G 462G C   N    3680 3682   87.19   78.70    8.82    0.38   82.20  177.06    8.34
   16        462G 462G N   CA   3682 3683 -168.49 -166.10                    8.50
   17  13637 462G 463G C   N    3684 3686   81.89   78.70    3.28    0.18   82.20  173.82    8.45
   17        463G 463G N   CA   3686 3687 -165.32 -166.10                    8.50
   18  13638 463G 464G C   N    3688 3690   97.21   78.70   38.16    0.57   82.20  152.77    8.17
   18        464G 464G N   CA   3690 3691  160.53 -166.10                    8.50
   19  13639 464G 465G C   N    3692 3694 -171.23 -167.20    6.74    0.18   82.20 -158.09   14.49
   19        465G 465G N   CA   3694 3695  180.00  174.60                    8.50
   20  13640 465G 466G C   N    3696 3698 -165.34 -167.20    3.64    0.11   82.20 -162.00   14.47
   20        466G 466G N   CA   3698 3699  171.47  174.60                    8.50
   21  13641 466G 467G C   N    3700 3702 -146.28 -167.20   23.27    0.35   82.20 -156.03   15.35
   21        467G 467G N   CA   3702 3703  164.41  174.60                    8.50
   22  13642 467G 468G C   N    3704 3706 -151.18 -167.20   16.66    0.24   82.20 -154.76   15.30
   22        468G 468G N   CA   3706 3707  170.03  174.60                    8.50
   23  13643 468G 469G C   N    3708 3710 -128.34 -167.20   38.90    0.70   82.20 -137.94   16.87
   23        469G 469G N   CA   3710 3711  172.74  174.60                    8.50
   24  13644 469G 470G C   N    3712 3714   77.40   78.70   14.19    0.35   82.20  160.55    8.04
   24        470G 470G N   CA   3714 3715 -151.97 -166.10                    8.50
   25  13645 470G 471G C   N    3716 3718   97.05   78.70   30.07    0.54   82.20  162.25    8.62
   25        471G 471G N   CA   3718 3719  170.07 -166.10                    8.50


report______> Distribution of short non-bonded contacts:


DISTANCE1:  0.00 2.10 2.20 2.30 2.40 2.50 2.60 2.70 2.80 2.90 3.00 3.10 3.20 3.30 3.40
DISTANCE2:  2.10 2.20 2.30 2.40 2.50 2.60 2.70 2.80 2.90 3.00 3.10 3.20 3.30 3.40 3.50
FREQUENCY:     0    0    0    0    0   16   29  118  190  346  269  390  493  614  602


<< end of ENERGY.
iupac_m_397W> Atoms were not swapped because of the uncertainty of how to handle the H atom.
iupac_m_397W> Atoms were not swapped because of the uncertainty of how to handle the H atom.
iupac_m_397W> Atoms were not swapped because of the uncertainty of how to handle the H atom.
iupac_m_397W> Atoms were not swapped because of the uncertainty of how to handle the H atom.
iupac_m_397W> Atoms were not swapped because of the uncertainty of how to handle the H atom.
iupac_m_397W> Atoms were not swapped because of the uncertainty of how to handle the H atom.
iupac_m_397W> Atoms were not swapped because of the uncertainty of how to handle the H atom.
iupac_m_397W> Atoms were not swapped because of the uncertainty of how to handle the H atom.
iupac_m_397W> Atoms were not swapped because of the uncertainty of how to handle the H atom.
iupac_m_397W> Atoms were not swapped because of the uncertainty of how to handle the H atom.
iupac_m_397W> Atoms were not swapped because of the uncertainty of how to handle the H atom.
iupac_m_397W> Atoms were not swapped because of the uncertainty of how to handle the H atom.
iupac_m_397W> Atoms were not swapped because of the uncertainty of how to handle the H atom.
iupac_m_397W> Atoms were not swapped because of the uncertainty of how to handle the H atom.
iupac_m_397W> Atoms were not swapped because of the uncertainty of how to handle the H atom.
iupac_m_397W> Atoms were not swapped because of the uncertainty of how to handle the H atom.
iupac_m_397W> Atoms were not swapped because of the uncertainty of how to handle the H atom.
iupac_m_397W> Atoms were not swapped because of the uncertainty of how to handle the H atom.
iupac_m_397W> Atoms were not swapped because of the uncertainty of how to handle the H atom.
>> Model assessment by DOPE potential
iatmcls_286W> MODEL atom not classified:  VAL:OXT  VAL
iatmcls_286W> MODEL atom not classified:  TRP:OXT  TRP


>> ENERGY; Differences between the model's features and restraints:
Number of all residues in MODEL                   :      472
Number of all, selected real atoms                :     3736    3736
Number of all, selected pseudo atoms              :        0       0
Number of all static, selected restraints         :    45979   45979
COVALENT_CYS                                      :        F
NONBONDED_SEL_ATOMS                               :        1
Number of non-bonded pairs (excluding 1-2,1-3,1-4):   762233
Dynamic pairs routine                             : 1, NATM x NATM double loop
Atomic shift for contacts update (UPDATE_DYNAMIC) :    0.390
LENNARD_JONES_SWITCH                              :    6.500   7.500
COULOMB_JONES_SWITCH                              :    6.500   7.500
RESIDUE_SPAN_RANGE                                :        1    9999
NLOGN_USE                                         :       15
CONTACT_SHELL                                     :   15.000
DYNAMIC_PAIRS,_SPHERE,_COULOMB,_LENNARD,_MODELLER :        T       F       F       F       T
SPHERE_STDV                                       :    0.050
RADII_FACTOR                                      :    0.820
Current energy                                    :      -54069.7266




<< end of ENERGY.
DOPE score               : -54069.726562
>> Model assessment by GA341 potential

Surface library          : /Users/kehuang/miniconda3/lib/modeller-10.4/modlib/surf5.de
Pair library             : /Users/kehuang/miniconda3/lib/modeller-10.4/modlib/pair9.de
Chain identifier         : _
% sequence identity      :    96.231003
Sequence length          :          452
Compactness              :     0.246189
Native energy (pair)     :  -444.818936
Native energy (surface)  :   -32.707046
Native energy (combined) :   -14.524055
Z score (pair)           :   -12.039001
Z score (surface)        :   -10.007094
Z score (combined)       :   -13.908863
GA341 score              :     1.000000



>> ENERGY; Differences between the model's features and restraints:
Number of all residues in MODEL                   :      472
Number of all, selected real atoms                :     3736    3736
Number of all, selected pseudo atoms              :        0       0
Number of all static, selected restraints         :    45979   45979
COVALENT_CYS                                      :        F
NONBONDED_SEL_ATOMS                               :        1
Number of non-bonded pairs (excluding 1-2,1-3,1-4):     7625
Dynamic pairs routine                             : 2, NATM x NATM cell sorting
Atomic shift for contacts update (UPDATE_DYNAMIC) :    0.390
LENNARD_JONES_SWITCH                              :    6.500   7.500
COULOMB_JONES_SWITCH                              :    6.500   7.500
RESIDUE_SPAN_RANGE                                :        0   99999
NLOGN_USE                                         :       15
CONTACT_SHELL                                     :    4.000
DYNAMIC_PAIRS,_SPHERE,_COULOMB,_LENNARD,_MODELLER :        T       T       F       F       F
SPHERE_STDV                                       :    0.050
RADII_FACTOR                                      :    0.820
Current energy                                    :        2757.8647





Summary of the restraint violations: 

   NUM     ... number of restraints.
   NUMVI   ... number of restraints with RVIOL > VIOL_REPORT_CUT[i].
   RVIOL   ... relative difference from the best value.
   NUMVP   ... number of restraints with -Ln(pdf) > VIOL_REPORT_CUT2[i].
   RMS_1   ... RMS(feature, minimally_violated_basis_restraint, NUMB).
   RMS_2   ... RMS(feature, best_value, NUMB).
   MOL.PDF ... scaled contribution to -Ln(Molecular pdf).

 #                     RESTRAINT_GROUP      NUM   NUMVI  NUMVP   RMS_1   RMS_2         MOL.PDF     S_i
------------------------------------------------------------------------------------------------------
 1 Bond length potential              :    3833       0      0   0.006   0.006      37.319       1.000
 2 Bond angle potential               :    5191       0      9   1.909   1.909      370.83       1.000
 3 Stereochemical cosine torsion poten:    2521       0     56  46.395  46.395      841.31       1.000
 4 Stereochemical improper torsion pot:    1632       0      1   1.211   1.211      51.804       1.000
 5 Soft-sphere overlap restraints     :    7625       0      0   0.003   0.003      6.2905       1.000
 6 Lennard-Jones 6-12 potential       :       0       0      0   0.000   0.000      0.0000       1.000
 7 Coulomb point-point electrostatic p:       0       0      0   0.000   0.000      0.0000       1.000
 8 H-bonding potential                :       0       0      0   0.000   0.000      0.0000       1.000
 9 Distance restraints 1 (CA-CA)      :    9374       0      0   0.101   0.101      119.27       1.000
10 Distance restraints 2 (N-O)        :    9207       0      5   0.151   0.151      214.45       1.000
11 Mainchain Phi dihedral restraints  :       0       0      0   0.000   0.000      0.0000       1.000
12 Mainchain Psi dihedral restraints  :       0       0      0   0.000   0.000      0.0000       1.000
13 Mainchain Omega dihedral restraints:     470       0      5   3.913   3.913      82.056       1.000
14 Sidechain Chi_1 dihedral restraints:     395       0      6  52.782  52.782      39.043       1.000
15 Sidechain Chi_2 dihedral restraints:     298       0      3  68.464  68.464      89.194       1.000
16 Sidechain Chi_3 dihedral restraints:     132       0      0  58.374  58.374      79.697       1.000
17 Sidechain Chi_4 dihedral restraints:      48       0      0  80.875  80.875      28.839       1.000
18 Disulfide distance restraints      :       0       0      0   0.000   0.000      0.0000       1.000
19 Disulfide angle restraints         :       0       0      0   0.000   0.000      0.0000       1.000
20 Disulfide dihedral angle restraints:       0       0      0   0.000   0.000      0.0000       1.000
21 Lower bound distance restraints    :       0       0      0   0.000   0.000      0.0000       1.000
22 Upper bound distance restraints    :       0       0      0   0.000   0.000      0.0000       1.000
23 Distance restraints 3 (SDCH-MNCH)  :    7370       0      0   0.420   0.420      246.27       1.000
24 Sidechain Chi_5 dihedral restraints:       0       0      0   0.000   0.000      0.0000       1.000
25 Phi/Psi pair of dihedral restraints:     468      27     31  21.309  51.032      30.753       1.000
26 Distance restraints 4 (SDCH-SDCH)  :    5040       0     15   0.845   0.845      520.73       1.000
27 Distance restraints 5 (X-Y)        :       0       0      0   0.000   0.000      0.0000       1.000
28 NMR distance restraints 6 (X-Y)    :       0       0      0   0.000   0.000      0.0000       1.000
29 NMR distance restraints 7 (X-Y)    :       0       0      0   0.000   0.000      0.0000       1.000
30 Minimal distance restraints        :       0       0      0   0.000   0.000      0.0000       1.000
31 Non-bonded restraints              :       0       0      0   0.000   0.000      0.0000       1.000
32 Atomic accessibility restraints    :       0       0      0   0.000   0.000      0.0000       1.000
33 Atomic density restraints          :       0       0      0   0.000   0.000      0.0000       1.000
34 Absolute position restraints       :       0       0      0   0.000   0.000      0.0000       1.000
35 Dihedral angle difference restraint:       0       0      0   0.000   0.000      0.0000       1.000
36 GBSA implicit solvent potential    :       0       0      0   0.000   0.000      0.0000       1.000
37 EM density fitting potential       :       0       0      0   0.000   0.000      0.0000       1.000
38 SAXS restraints                    :       0       0      0   0.000   0.000      0.0000       1.000
39 Symmetry restraints                :       0       0      0   0.000   0.000      0.0000       1.000



# Heavy relative violation of each residue is written to: abl+pep.V99990018
# The profile is NOT normalized by the number of restraints.
# The profiles are smoothed over a window of residues:    1
# The sum of all numbers in the file:   40478.2461



List of the violated restraints:
   A restraint is violated when the relative difference
   from the best value (RVIOL) is larger than CUTOFF.

   ICSR   ... index of a restraint in the current set.
   RESNO  ... residue numbers of the first two atoms.
   ATM    ... IUPAC atom names of the first two atoms.
   FEAT   ... the value of the feature in the model.
   restr  ... the mean of the basis restraint with the smallest
              difference from the model (local minimum).
   viol   ... difference from the local minimum.
   rviol  ... relative difference from the local minimum.
   RESTR  ... the best value (global minimum).
   VIOL   ... difference from the best value.
   RVIOL  ... relative difference from the best value.


-------------------------------------------------------------------------------------------------

Feature 25                           : Phi/Psi pair of dihedral restraints     
List of the RVIOL violations larger than   :       6.5000

    #   ICSR  RESNO1/2 ATM1/2   INDATM1/2    FEAT   restr    viol   rviol   RESTR    VIOL   RVIOL
    1  13197  20T  21K C   N     151  153  -59.72  -62.90   12.34    1.79  -70.20  169.60   12.04
    1         21K  21K N   CA    153  154  -28.88  -40.80                  140.40
    2  13198  21K  22G C   N     160  162  -95.11  -62.40   37.89    5.77   82.20  179.93   13.05
    2         22G  22G N   CA    162  163  -22.08  -41.20                    8.50
    3  13208  31N  32H C   N     240  242  -59.71  -63.20    3.52    0.53 -125.60 -169.76    8.27
    3         32H  32H N   CA    242  243  -42.74  -42.30                  138.80
    4  13313 136V 137H C   N    1076 1078  -63.61  -63.20    0.42    0.07 -125.60 -170.73    8.18
    4        137H 137H N   CA   1078 1079  -42.37  -42.30                  138.80
    5  13314 137H 138H C   N    1086 1088  -61.51  -63.20    4.84    0.52 -125.60 -174.24    8.07
    5        138H 138H N   CA   1088 1089  -46.84  -42.30                  138.80
    6  13327 150L 151H C   N    1181 1183 -114.47  -63.20   52.28    8.71 -125.60  169.05    6.63
    6        151H 151H N   CA   1183 1184  -52.52  -42.30                  138.80
    7  13410 233P 234N C   N    1860 1862 -107.49  -63.20   82.58    8.88  -63.20   82.58    8.88
    7        234N 234N N   CA   1862 1863   28.60  -41.10                  -41.10
    8  13474 297I 298H C   N    2386 2388  -73.29  -63.20   11.42    1.96 -125.60 -178.72    7.75
    8        298H 298H N   CA   2388 2389  -47.63  -42.30                  138.80
    9  13476 299R 300N C   N    2407 2409 -146.77 -119.90   90.94    4.66  -63.20  123.71   13.65
    9        300N 300N N   CA   2409 2410   50.12  137.00                  -41.10
   10  13488 311N 312H C   N    2494 2496   59.99   56.30    9.93    0.71 -125.60 -155.27    8.99
   10        312H 312H N   CA   2496 2497   31.58   40.80                  138.80
   11  13603 426I 427H C   N    3427 3429  -63.43  -63.20    0.29    0.03 -125.60 -170.44    8.19
   11        427H 427H N   CA   3429 3430  -42.12  -42.30                  138.80
   12  13610 433M 434F C   N    3486 3488  -86.81  -63.20   57.46    6.66  -63.20   57.46    6.66
   12        434F 434F N   CA   3488 3489    8.08  -44.30                  -44.30
   13  13626 449K 450Q C   N    3613 3615 -111.21 -121.10   23.90    1.24  -63.80  165.19   26.82
   13        450Q 450Q N   CA   3615 3616  161.46  139.70                  -40.30
   14  13627 450Q 451G C   N    3622 3624   93.41   78.70   27.85    0.43   82.20  162.14    8.43
   14        451G 451G N   CA   3624 3625  170.25 -166.10                    8.50
   15  13628 453W 454G C   N    3648 3650 -163.37 -167.20    4.67    0.08   82.20 -160.49   14.62
   15        454G 454G N   CA   3650 3651  171.93  174.60                    8.50
   16  13630 455G 456G C   N    3656 3658  139.07 -167.20   53.73    1.01   82.20  176.03   11.24
   16        456G 456G N   CA   3658 3659  175.10  174.60                    8.50
   17  13631 456G 457G C   N    3660 3662   84.09   78.70   16.90    0.28   82.20  169.39    8.32
   17        457G 457G N   CA   3662 3663  177.88 -166.10                    8.50
   18  13633 458G 459G C   N    3668 3670   97.23   78.70   37.36    0.56   82.20  153.69    8.21
   18        459G 459G N   CA   3670 3671  161.45 -166.10                    8.50
   19  13635 460G 461G C   N    3676 3678 -120.39  -80.20   40.47    2.82   82.20 -134.95   17.22
   19        461G 461G N   CA   3678 3679  169.35  174.10                    8.50
   20  13636 461G 462G C   N    3680 3682 -154.73 -167.20   12.48    0.25   82.20 -152.97   15.30
   20        462G 462G N   CA   3682 3683  174.98  174.60                    8.50
   21  13637 462G 463G C   N    3684 3686  149.82 -167.20   43.10    0.90   82.20  176.32   11.71
   21        463G 463G N   CA   3686 3687  171.35  174.60                    8.50
   22  13638 463G 464G C   N    3688 3690  175.84 -167.20   22.48    0.82   82.20  177.96   12.76
   22        464G 464G N   CA   3690 3691  159.83  174.60                    8.50
   23  13639 464G 465G C   N    3692 3694  151.81 -167.20   41.16    0.70   82.20 -176.41   12.16
   23        465G 465G N   CA   3694 3695  178.38  174.60                    8.50
   24  13641 466G 467G C   N    3700 3702 -165.44 -167.20    6.48    0.27   82.20 -154.27   14.89
   24        467G 467G N   CA   3702 3703 -179.17  174.60                    8.50
   25  13642 467G 468G C   N    3704 3706  155.66 -167.20   38.82    0.56   82.20 -167.97   12.74
   25        468G 468G N   CA   3706 3707 -174.08  174.60                    8.50
   26  13643 468G 469G C   N    3708 3710 -143.78 -167.20   25.12    0.72   82.20 -139.43   16.38
   26        469G 469G N   CA   3710 3711 -176.30  174.60                    8.50
   27  13644 469G 470G C   N    3712 3714   91.45   78.70   20.63    0.38   82.20  169.43    8.69
   27        470G 470G N   CA   3714 3715  177.68 -166.10                    8.50


report______> Distribution of short non-bonded contacts:


DISTANCE1:  0.00 2.10 2.20 2.30 2.40 2.50 2.60 2.70 2.80 2.90 3.00 3.10 3.20 3.30 3.40
DISTANCE2:  2.10 2.20 2.30 2.40 2.50 2.60 2.70 2.80 2.90 3.00 3.10 3.20 3.30 3.40 3.50
FREQUENCY:     0    0    0    0    1   12   34  114  209  306  288  393  525  578  614


<< end of ENERGY.
iupac_m_397W> Atoms were not swapped because of the uncertainty of how to handle the H atom.
iupac_m_397W> Atoms were not swapped because of the uncertainty of how to handle the H atom.
iupac_m_397W> Atoms were not swapped because of the uncertainty of how to handle the H atom.
iupac_m_397W> Atoms were not swapped because of the uncertainty of how to handle the H atom.
iupac_m_397W> Atoms were not swapped because of the uncertainty of how to handle the H atom.
iupac_m_397W> Atoms were not swapped because of the uncertainty of how to handle the H atom.
iupac_m_397W> Atoms were not swapped because of the uncertainty of how to handle the H atom.
iupac_m_397W> Atoms were not swapped because of the uncertainty of how to handle the H atom.
iupac_m_397W> Atoms were not swapped because of the uncertainty of how to handle the H atom.
iupac_m_397W> Atoms were not swapped because of the uncertainty of how to handle the H atom.
iupac_m_397W> Atoms were not swapped because of the uncertainty of how to handle the H atom.
iupac_m_397W> Atoms were not swapped because of the uncertainty of how to handle the H atom.
iupac_m_397W> Atoms were not swapped because of the uncertainty of how to handle the H atom.
iupac_m_397W> Atoms were not swapped because of the uncertainty of how to handle the H atom.
iupac_m_397W> Atoms were not swapped because of the uncertainty of how to handle the H atom.
iupac_m_397W> Atoms were not swapped because of the uncertainty of how to handle the H atom.
>> Model assessment by DOPE potential
iatmcls_286W> MODEL atom not classified:  VAL:OXT  VAL
iatmcls_286W> MODEL atom not classified:  TRP:OXT  TRP


>> ENERGY; Differences between the model's features and restraints:
Number of all residues in MODEL                   :      472
Number of all, selected real atoms                :     3736    3736
Number of all, selected pseudo atoms              :        0       0
Number of all static, selected restraints         :    45979   45979
COVALENT_CYS                                      :        F
NONBONDED_SEL_ATOMS                               :        1
Number of non-bonded pairs (excluding 1-2,1-3,1-4):   762335
Dynamic pairs routine                             : 1, NATM x NATM double loop
Atomic shift for contacts update (UPDATE_DYNAMIC) :    0.390
LENNARD_JONES_SWITCH                              :    6.500   7.500
COULOMB_JONES_SWITCH                              :    6.500   7.500
RESIDUE_SPAN_RANGE                                :        1    9999
NLOGN_USE                                         :       15
CONTACT_SHELL                                     :   15.000
DYNAMIC_PAIRS,_SPHERE,_COULOMB,_LENNARD,_MODELLER :        T       F       F       F       T
SPHERE_STDV                                       :    0.050
RADII_FACTOR                                      :    0.820
Current energy                                    :      -54356.4961




<< end of ENERGY.
DOPE score               : -54356.496094
>> Model assessment by GA341 potential

Surface library          : /Users/kehuang/miniconda3/lib/modeller-10.4/modlib/surf5.de
Pair library             : /Users/kehuang/miniconda3/lib/modeller-10.4/modlib/pair9.de
Chain identifier         : _
% sequence identity      :    96.231003
Sequence length          :          452
Compactness              :     0.247198
Native energy (pair)     :  -469.042482
Native energy (surface)  :   -32.260679
Native energy (combined) :   -14.642062
Z score (pair)           :   -12.075343
Z score (surface)        :    -9.879856
Z score (combined)       :   -13.905209
GA341 score              :     1.000000



>> ENERGY; Differences between the model's features and restraints:
Number of all residues in MODEL                   :      472
Number of all, selected real atoms                :     3736    3736
Number of all, selected pseudo atoms              :        0       0
Number of all static, selected restraints         :    45979   45979
COVALENT_CYS                                      :        F
NONBONDED_SEL_ATOMS                               :        1
Number of non-bonded pairs (excluding 1-2,1-3,1-4):     7649
Dynamic pairs routine                             : 2, NATM x NATM cell sorting
Atomic shift for contacts update (UPDATE_DYNAMIC) :    0.390
LENNARD_JONES_SWITCH                              :    6.500   7.500
COULOMB_JONES_SWITCH                              :    6.500   7.500
RESIDUE_SPAN_RANGE                                :        0   99999
NLOGN_USE                                         :       15
CONTACT_SHELL                                     :    4.000
DYNAMIC_PAIRS,_SPHERE,_COULOMB,_LENNARD,_MODELLER :        T       T       F       F       F
SPHERE_STDV                                       :    0.050
RADII_FACTOR                                      :    0.820
Current energy                                    :        2624.6238





Summary of the restraint violations: 

   NUM     ... number of restraints.
   NUMVI   ... number of restraints with RVIOL > VIOL_REPORT_CUT[i].
   RVIOL   ... relative difference from the best value.
   NUMVP   ... number of restraints with -Ln(pdf) > VIOL_REPORT_CUT2[i].
   RMS_1   ... RMS(feature, minimally_violated_basis_restraint, NUMB).
   RMS_2   ... RMS(feature, best_value, NUMB).
   MOL.PDF ... scaled contribution to -Ln(Molecular pdf).

 #                     RESTRAINT_GROUP      NUM   NUMVI  NUMVP   RMS_1   RMS_2         MOL.PDF     S_i
------------------------------------------------------------------------------------------------------
 1 Bond length potential              :    3833       0      0   0.006   0.006      36.276       1.000
 2 Bond angle potential               :    5191       0      8   1.886   1.886      359.06       1.000
 3 Stereochemical cosine torsion poten:    2521       0     57  46.273  46.273      838.01       1.000
 4 Stereochemical improper torsion pot:    1632       0      0   1.165   1.165      46.870       1.000
 5 Soft-sphere overlap restraints     :    7649       0      0   0.002   0.002      4.1084       1.000
 6 Lennard-Jones 6-12 potential       :       0       0      0   0.000   0.000      0.0000       1.000
 7 Coulomb point-point electrostatic p:       0       0      0   0.000   0.000      0.0000       1.000
 8 H-bonding potential                :       0       0      0   0.000   0.000      0.0000       1.000
 9 Distance restraints 1 (CA-CA)      :    9374       0      0   0.099   0.099      114.70       1.000
10 Distance restraints 2 (N-O)        :    9207       2      7   0.155   0.155      235.09       1.000
11 Mainchain Phi dihedral restraints  :       0       0      0   0.000   0.000      0.0000       1.000
12 Mainchain Psi dihedral restraints  :       0       0      0   0.000   0.000      0.0000       1.000
13 Mainchain Omega dihedral restraints:     470       0      2   3.788   3.788      77.076       1.000
14 Sidechain Chi_1 dihedral restraints:     395       0      2  46.893  46.893      19.619       1.000
15 Sidechain Chi_2 dihedral restraints:     298       0      1  64.221  64.221      83.532       1.000
16 Sidechain Chi_3 dihedral restraints:     132       0      0  63.173  63.173      90.164       1.000
17 Sidechain Chi_4 dihedral restraints:      48       0      0  84.715  84.715      28.602       1.000
18 Disulfide distance restraints      :       0       0      0   0.000   0.000      0.0000       1.000
19 Disulfide angle restraints         :       0       0      0   0.000   0.000      0.0000       1.000
20 Disulfide dihedral angle restraints:       0       0      0   0.000   0.000      0.0000       1.000
21 Lower bound distance restraints    :       0       0      0   0.000   0.000      0.0000       1.000
22 Upper bound distance restraints    :       0       0      0   0.000   0.000      0.0000       1.000
23 Distance restraints 3 (SDCH-MNCH)  :    7370       0      0   0.397   0.397      210.10       1.000
24 Sidechain Chi_5 dihedral restraints:       0       0      0   0.000   0.000      0.0000       1.000
25 Phi/Psi pair of dihedral restraints:     468      31     33  21.845  50.069      28.260       1.000
26 Distance restraints 4 (SDCH-SDCH)  :    5040       0      8   0.787   0.787      453.15       1.000
27 Distance restraints 5 (X-Y)        :       0       0      0   0.000   0.000      0.0000       1.000
28 NMR distance restraints 6 (X-Y)    :       0       0      0   0.000   0.000      0.0000       1.000
29 NMR distance restraints 7 (X-Y)    :       0       0      0   0.000   0.000      0.0000       1.000
30 Minimal distance restraints        :       0       0      0   0.000   0.000      0.0000       1.000
31 Non-bonded restraints              :       0       0      0   0.000   0.000      0.0000       1.000
32 Atomic accessibility restraints    :       0       0      0   0.000   0.000      0.0000       1.000
33 Atomic density restraints          :       0       0      0   0.000   0.000      0.0000       1.000
34 Absolute position restraints       :       0       0      0   0.000   0.000      0.0000       1.000
35 Dihedral angle difference restraint:       0       0      0   0.000   0.000      0.0000       1.000
36 GBSA implicit solvent potential    :       0       0      0   0.000   0.000      0.0000       1.000
37 EM density fitting potential       :       0       0      0   0.000   0.000      0.0000       1.000
38 SAXS restraints                    :       0       0      0   0.000   0.000      0.0000       1.000
39 Symmetry restraints                :       0       0      0   0.000   0.000      0.0000       1.000



# Heavy relative violation of each residue is written to: abl+pep.V99990019
# The profile is NOT normalized by the number of restraints.
# The profiles are smoothed over a window of residues:    1
# The sum of all numbers in the file:   39500.7578



List of the violated restraints:
   A restraint is violated when the relative difference
   from the best value (RVIOL) is larger than CUTOFF.

   ICSR   ... index of a restraint in the current set.
   RESNO  ... residue numbers of the first two atoms.
   ATM    ... IUPAC atom names of the first two atoms.
   FEAT   ... the value of the feature in the model.
   restr  ... the mean of the basis restraint with the smallest
              difference from the model (local minimum).
   viol   ... difference from the local minimum.
   rviol  ... relative difference from the local minimum.
   RESTR  ... the best value (global minimum).
   VIOL   ... difference from the best value.
   RVIOL  ... relative difference from the best value.


-------------------------------------------------------------------------------------------------

Feature 25                           : Phi/Psi pair of dihedral restraints     
List of the RVIOL violations larger than   :       6.5000

    #   ICSR  RESNO1/2 ATM1/2   INDATM1/2    FEAT   restr    viol   rviol   RESTR    VIOL   RVIOL
    1  13208  31N  32H C   N     240  242  -59.35  -63.20    4.06    0.57 -125.60 -170.42    8.24
    1         32H  32H N   CA    242  243  -43.58  -42.30                  138.80
    2  13313 136V 137H C   N    1076 1078  -63.70  -63.20    0.59    0.10 -125.60 -170.98    8.17
    2        137H 137H N   CA   1078 1079  -42.60  -42.30                  138.80
    3  13314 137H 138H C   N    1086 1088  -61.95  -63.20    4.07    0.45 -125.60 -173.76    8.08
    3        138H 138H N   CA   1088 1089  -46.17  -42.30                  138.80
    4  13410 233P 234N C   N    1860 1862 -108.06  -63.20   83.83    9.01  -63.20   83.83    9.01
    4        234N 234N N   CA   1862 1863   29.72  -41.10                  -41.10
    5  13474 297I 298H C   N    2386 2388  -73.66  -63.20   12.39    2.13 -125.60  179.92    7.69
    5        298H 298H N   CA   2388 2389  -48.94  -42.30                  138.80
    6  13476 299R 300N C   N    2407 2409 -145.45 -119.90   89.30    4.56  -63.20  123.81   13.61
    6        300N 300N N   CA   2409 2410   51.44  137.00                  -41.10
    7  13481 304R 305N C   N    2444 2446 -100.57  -63.20   77.74    8.36  -63.20   77.74    8.36
    7        305N 305N N   CA   2446 2447   27.07  -41.10                  -41.10
    8  13488 311N 312H C   N    2494 2496   59.29   56.30    9.22    0.66 -125.60 -154.93    8.99
    8        312H 312H N   CA   2496 2497   32.08   40.80                  138.80
    9  13552 375S 376P C   N    2997 2999  -60.38  -58.70    5.71    0.61  -64.50  176.90   13.42
    9        376P 376P N   CA   2999 3000  -35.95  -30.50                  147.20
   10  13553 376P 377Y C   N    3004 3006 -121.70  -98.40   44.95    4.08   55.90 -175.37   17.82
   10        377Y 377Y N   CA   3006 3007   89.96  128.40                   39.50
   11  13603 426I 427H C   N    3427 3429  -62.68  -63.20    0.54    0.08 -125.60 -170.51    8.20
   11        427H 427H N   CA   3429 3430  -42.47  -42.30                  138.80
   12  13610 433M 434F C   N    3486 3488  -87.67  -63.20   60.27    6.99  -63.20   60.27    6.99
   12        434F 434F N   CA   3488 3489   10.77  -44.30                  -44.30
   13  13626 449K 450Q C   N    3613 3615  -93.61  -73.00   28.29    1.65  -63.80  162.38   25.47
   13        450Q 450Q N   CA   3615 3616  160.08  140.70                  -40.30
   14  13627 450Q 451G C   N    3622 3624  161.77 -167.20   33.71    0.99   82.20  172.38   11.97
   14        451G 451G N   CA   3624 3625  161.42  174.60                    8.50
   15  13628 453W 454G C   N    3648 3650  137.88 -167.20   55.24    1.20   82.20  169.53   10.87
   15        454G 454G N   CA   3650 3651  168.63  174.60                    8.50
   16  13629 454G 455G C   N    3652 3654   78.51   78.70   14.73    0.43   82.20  170.71    8.10
   16        455G 455G N   CA   3654 3655  179.17 -166.10                    8.50
   17  13630 455G 456G C   N    3656 3658   86.72   78.70   38.94    0.79   82.20  147.36    7.38
   17        456G 456G N   CA   3658 3659  155.79 -166.10                    8.50
   18  13631 456G 457G C   N    3660 3662 -174.82 -167.20   22.58    0.93   82.20  177.71   13.05
   18        457G 457G N   CA   3662 3663  153.34  174.60                    8.50
   19  13632 457G 458G C   N    3664 3666   95.18   78.70   33.29    0.50   82.20  157.01    8.27
   19        458G 458G N   CA   3666 3667  164.98 -166.10                    8.50
   20  13633 458G 459G C   N    3668 3670  174.58 -167.20   22.28    0.40   82.20 -158.65   13.96
   20        459G 459G N   CA   3670 3671 -172.59  174.60                    8.50
   21  13634 459G 460G C   N    3672 3674 -177.12 -167.20   11.57    0.19   82.20 -160.67   14.15
   21        460G 460G N   CA   3674 3675 -179.46  174.60                    8.50
   22  13635 460G 461G C   N    3676 3678  101.81   78.70   59.88    0.92   82.20  131.63    7.36
   22        461G 461G N   CA   3678 3679  138.66 -166.10                    8.50
   23  13636 461G 462G C   N    3680 3682  -96.37  -80.20   44.23    1.07   82.20 -124.70   18.25
   23        462G 462G N   CA   3682 3683 -144.73  174.10                    8.50
   24  13637 462G 463G C   N    3684 3686   84.97   78.70   12.69    0.60   82.20  163.59    7.80
   24        463G 463G N   CA   3686 3687 -155.07 -166.10                    8.50
   25  13638 463G 464G C   N    3688 3690   90.05   78.70   25.87    0.38   82.20  162.34    8.28
   25        464G 464G N   CA   3690 3691  170.65 -166.10                    8.50
   26  13639 464G 465G C   N    3692 3694  149.29 -167.20   44.20    1.04   82.20  171.90   11.46
   26        465G 465G N   CA   3694 3695  166.77  174.60                    8.50
   27  13641 466G 467G C   N    3700 3702   82.38   78.70   14.60    0.56   82.20  160.47    7.78
   27        467G 467G N   CA   3702 3703 -151.97 -166.10                    8.50
   28  13642 467G 468G C   N    3704 3706  161.20 -167.20   39.31    1.37   82.20  163.12   11.46
   28        468G 468G N   CA   3706 3707  151.22  174.60                    8.50
   29  13643 468G 469G C   N    3708 3710 -141.37 -167.20   60.55    1.89   82.20  176.09   13.69
   29        469G 469G N   CA   3710 3711  119.84  174.60                    8.50
   30  13644 469G 470G C   N    3712 3714   86.07   78.70   35.26    0.71   82.20  150.97    7.52
   30        470G 470G N   CA   3714 3715  159.42 -166.10                    8.50
   31  13645 470G 471G C   N    3716 3718  132.16   78.70   60.85    2.08   82.20  164.12   10.35
   31        471G 471G N   CA   3718 3719  164.83 -166.10                    8.50


report______> Distribution of short non-bonded contacts:


DISTANCE1:  0.00 2.10 2.20 2.30 2.40 2.50 2.60 2.70 2.80 2.90 3.00 3.10 3.20 3.30 3.40
DISTANCE2:  2.10 2.20 2.30 2.40 2.50 2.60 2.70 2.80 2.90 3.00 3.10 3.20 3.30 3.40 3.50
FREQUENCY:     0    0    0    0    0   13   31  113  188  326  273  406  520  593  609


<< end of ENERGY.
iupac_m_397W> Atoms were not swapped because of the uncertainty of how to handle the H atom.
iupac_m_397W> Atoms were not swapped because of the uncertainty of how to handle the H atom.
iupac_m_397W> Atoms were not swapped because of the uncertainty of how to handle the H atom.
iupac_m_397W> Atoms were not swapped because of the uncertainty of how to handle the H atom.
iupac_m_397W> Atoms were not swapped because of the uncertainty of how to handle the H atom.
iupac_m_397W> Atoms were not swapped because of the uncertainty of how to handle the H atom.
iupac_m_397W> Atoms were not swapped because of the uncertainty of how to handle the H atom.
iupac_m_397W> Atoms were not swapped because of the uncertainty of how to handle the H atom.
iupac_m_397W> Atoms were not swapped because of the uncertainty of how to handle the H atom.
iupac_m_397W> Atoms were not swapped because of the uncertainty of how to handle the H atom.
iupac_m_397W> Atoms were not swapped because of the uncertainty of how to handle the H atom.
iupac_m_397W> Atoms were not swapped because of the uncertainty of how to handle the H atom.
iupac_m_397W> Atoms were not swapped because of the uncertainty of how to handle the H atom.
iupac_m_397W> Atoms were not swapped because of the uncertainty of how to handle the H atom.
iupac_m_397W> Atoms were not swapped because of the uncertainty of how to handle the H atom.
>> Model assessment by DOPE potential
iatmcls_286W> MODEL atom not classified:  VAL:OXT  VAL
iatmcls_286W> MODEL atom not classified:  TRP:OXT  TRP


>> ENERGY; Differences between the model's features and restraints:
Number of all residues in MODEL                   :      472
Number of all, selected real atoms                :     3736    3736
Number of all, selected pseudo atoms              :        0       0
Number of all static, selected restraints         :    45979   45979
COVALENT_CYS                                      :        F
NONBONDED_SEL_ATOMS                               :        1
Number of non-bonded pairs (excluding 1-2,1-3,1-4):   761472
Dynamic pairs routine                             : 1, NATM x NATM double loop
Atomic shift for contacts update (UPDATE_DYNAMIC) :    0.390
LENNARD_JONES_SWITCH                              :    6.500   7.500
COULOMB_JONES_SWITCH                              :    6.500   7.500
RESIDUE_SPAN_RANGE                                :        1    9999
NLOGN_USE                                         :       15
CONTACT_SHELL                                     :   15.000
DYNAMIC_PAIRS,_SPHERE,_COULOMB,_LENNARD,_MODELLER :        T       F       F       F       T
SPHERE_STDV                                       :    0.050
RADII_FACTOR                                      :    0.820
Current energy                                    :      -54369.4102




<< end of ENERGY.
DOPE score               : -54369.410156
>> Model assessment by GA341 potential

Surface library          : /Users/kehuang/miniconda3/lib/modeller-10.4/modlib/surf5.de
Pair library             : /Users/kehuang/miniconda3/lib/modeller-10.4/modlib/pair9.de
Chain identifier         : _
% sequence identity      :    96.231003
Sequence length          :          452
Compactness              :     0.243106
Native energy (pair)     :  -463.478393
Native energy (surface)  :   -32.015994
Native energy (combined) :   -14.415463
Z score (pair)           :   -11.979846
Z score (surface)        :    -9.756769
Z score (combined)       :   -13.846869
GA341 score              :     1.000000



>> ENERGY; Differences between the model's features and restraints:
Number of all residues in MODEL                   :      472
Number of all, selected real atoms                :     3736    3736
Number of all, selected pseudo atoms              :        0       0
Number of all static, selected restraints         :    45979   45979
COVALENT_CYS                                      :        F
NONBONDED_SEL_ATOMS                               :        1
Number of non-bonded pairs (excluding 1-2,1-3,1-4):     7684
Dynamic pairs routine                             : 2, NATM x NATM cell sorting
Atomic shift for contacts update (UPDATE_DYNAMIC) :    0.390
LENNARD_JONES_SWITCH                              :    6.500   7.500
COULOMB_JONES_SWITCH                              :    6.500   7.500
RESIDUE_SPAN_RANGE                                :        0   99999
NLOGN_USE                                         :       15
CONTACT_SHELL                                     :    4.000
DYNAMIC_PAIRS,_SPHERE,_COULOMB,_LENNARD,_MODELLER :        T       T       F       F       F
SPHERE_STDV                                       :    0.050
RADII_FACTOR                                      :    0.820
Current energy                                    :        2523.7107





Summary of the restraint violations: 

   NUM     ... number of restraints.
   NUMVI   ... number of restraints with RVIOL > VIOL_REPORT_CUT[i].
   RVIOL   ... relative difference from the best value.
   NUMVP   ... number of restraints with -Ln(pdf) > VIOL_REPORT_CUT2[i].
   RMS_1   ... RMS(feature, minimally_violated_basis_restraint, NUMB).
   RMS_2   ... RMS(feature, best_value, NUMB).
   MOL.PDF ... scaled contribution to -Ln(Molecular pdf).

 #                     RESTRAINT_GROUP      NUM   NUMVI  NUMVP   RMS_1   RMS_2         MOL.PDF     S_i
------------------------------------------------------------------------------------------------------
 1 Bond length potential              :    3833       0      0   0.006   0.006      35.889       1.000
 2 Bond angle potential               :    5191       0      6   1.849   1.849      348.45       1.000
 3 Stereochemical cosine torsion poten:    2521       0     57  46.353  46.353      839.35       1.000
 4 Stereochemical improper torsion pot:    1632       0      0   1.160   1.160      47.503       1.000
 5 Soft-sphere overlap restraints     :    7684       0      0   0.002   0.002      4.0746       1.000
 6 Lennard-Jones 6-12 potential       :       0       0      0   0.000   0.000      0.0000       1.000
 7 Coulomb point-point electrostatic p:       0       0      0   0.000   0.000      0.0000       1.000
 8 H-bonding potential                :       0       0      0   0.000   0.000      0.0000       1.000
 9 Distance restraints 1 (CA-CA)      :    9374       0      0   0.095   0.095      106.58       1.000
10 Distance restraints 2 (N-O)        :    9207       2      8   0.156   0.156      235.71       1.000
11 Mainchain Phi dihedral restraints  :       0       0      0   0.000   0.000      0.0000       1.000
12 Mainchain Psi dihedral restraints  :       0       0      0   0.000   0.000      0.0000       1.000
13 Mainchain Omega dihedral restraints:     470       0      1   3.737   3.737      74.567       1.000
14 Sidechain Chi_1 dihedral restraints:     395       0      2  48.902  48.902      18.826       1.000
15 Sidechain Chi_2 dihedral restraints:     298       0      1  63.100  63.100      70.962       1.000
16 Sidechain Chi_3 dihedral restraints:     132       0      0  56.853  56.853      75.686       1.000
17 Sidechain Chi_4 dihedral restraints:      48       0      0  85.457  85.457      30.513       1.000
18 Disulfide distance restraints      :       0       0      0   0.000   0.000      0.0000       1.000
19 Disulfide angle restraints         :       0       0      0   0.000   0.000      0.0000       1.000
20 Disulfide dihedral angle restraints:       0       0      0   0.000   0.000      0.0000       1.000
21 Lower bound distance restraints    :       0       0      0   0.000   0.000      0.0000       1.000
22 Upper bound distance restraints    :       0       0      0   0.000   0.000      0.0000       1.000
23 Distance restraints 3 (SDCH-MNCH)  :    7370       0      2   0.388   0.388      199.14       1.000
24 Sidechain Chi_5 dihedral restraints:       0       0      0   0.000   0.000      0.0000       1.000
25 Phi/Psi pair of dihedral restraints:     468      31     32  21.167  52.643      27.662       1.000
26 Distance restraints 4 (SDCH-SDCH)  :    5040       0     10   0.750   0.750      408.80       1.000
27 Distance restraints 5 (X-Y)        :       0       0      0   0.000   0.000      0.0000       1.000
28 NMR distance restraints 6 (X-Y)    :       0       0      0   0.000   0.000      0.0000       1.000
29 NMR distance restraints 7 (X-Y)    :       0       0      0   0.000   0.000      0.0000       1.000
30 Minimal distance restraints        :       0       0      0   0.000   0.000      0.0000       1.000
31 Non-bonded restraints              :       0       0      0   0.000   0.000      0.0000       1.000
32 Atomic accessibility restraints    :       0       0      0   0.000   0.000      0.0000       1.000
33 Atomic density restraints          :       0       0      0   0.000   0.000      0.0000       1.000
34 Absolute position restraints       :       0       0      0   0.000   0.000      0.0000       1.000
35 Dihedral angle difference restraint:       0       0      0   0.000   0.000      0.0000       1.000
36 GBSA implicit solvent potential    :       0       0      0   0.000   0.000      0.0000       1.000
37 EM density fitting potential       :       0       0      0   0.000   0.000      0.0000       1.000
38 SAXS restraints                    :       0       0      0   0.000   0.000      0.0000       1.000
39 Symmetry restraints                :       0       0      0   0.000   0.000      0.0000       1.000



# Heavy relative violation of each residue is written to: abl+pep.V99990020
# The profile is NOT normalized by the number of restraints.
# The profiles are smoothed over a window of residues:    1
# The sum of all numbers in the file:   38150.5703



List of the violated restraints:
   A restraint is violated when the relative difference
   from the best value (RVIOL) is larger than CUTOFF.

   ICSR   ... index of a restraint in the current set.
   RESNO  ... residue numbers of the first two atoms.
   ATM    ... IUPAC atom names of the first two atoms.
   FEAT   ... the value of the feature in the model.
   restr  ... the mean of the basis restraint with the smallest
              difference from the model (local minimum).
   viol   ... difference from the local minimum.
   rviol  ... relative difference from the local minimum.
   RESTR  ... the best value (global minimum).
   VIOL   ... difference from the best value.
   RVIOL  ... relative difference from the best value.


-------------------------------------------------------------------------------------------------

Feature 25                           : Phi/Psi pair of dihedral restraints     
List of the RVIOL violations larger than   :       6.5000

    #   ICSR  RESNO1/2 ATM1/2   INDATM1/2    FEAT   restr    viol   rviol   RESTR    VIOL   RVIOL
    1  13208  31N  32H C   N     240  242  -60.05  -63.20    3.30    0.46 -125.60 -170.41    8.24
    1         32H  32H N   CA    242  243  -43.30  -42.30                  138.80
    2  13259  82I  83N C   N     644  646  -57.14  -63.20    9.58    1.52  -71.20  177.04   10.96
    2         83N  83N N   CA    646  647  -33.68  -41.10                  142.80
    3  13260  83N  84G C   N     652  654  -86.02  -62.40   35.67    4.96   82.20  169.78   12.15
    3         84G  84G N   CA    654  655  -14.47  -41.20                    8.50
    4  13313 136V 137H C   N    1076 1078  -64.26  -63.20    1.32    0.16 -125.60 -170.13    8.20
    4        137H 137H N   CA   1078 1079  -41.51  -42.30                  138.80
    5  13314 137H 138H C   N    1086 1088  -61.38  -63.20    4.14    0.44 -125.60 -173.42    8.10
    5        138H 138H N   CA   1088 1089  -46.02  -42.30                  138.80
    6  13327 150L 151H C   N    1181 1183 -115.43  -63.20   52.80    8.71 -125.60  171.52    6.71
    6        151H 151H N   CA   1183 1184  -49.98  -42.30                  138.80
    7  13410 233P 234N C   N    1860 1862 -107.39  -63.20   84.27    9.06  -63.20   84.27    9.06
    7        234N 234N N   CA   1862 1863   30.66  -41.10                  -41.10
    8  13474 297I 298H C   N    2386 2388  -74.51  -63.20   12.21    2.09 -125.60 -178.38    7.74
    8        298H 298H N   CA   2388 2389  -46.92  -42.30                  138.80
    9  13476 299R 300N C   N    2407 2409 -144.84 -119.90   78.20    4.03  -63.20  132.20   14.36
    9        300N 300N N   CA   2409 2410   62.88  137.00                  -41.10
   10  13481 304R 305N C   N    2444 2446 -100.83  -63.20   77.45    8.33  -63.20   77.45    8.33
   10        305N 305N N   CA   2446 2447   26.60  -41.10                  -41.10
   11  13488 311N 312H C   N    2494 2496   59.64   56.30    9.24    0.66 -125.60 -155.29    8.98
   11        312H 312H N   CA   2496 2497   32.19   40.80                  138.80
   12  13603 426I 427H C   N    3427 3429  -63.35  -63.20    0.34    0.05 -125.60 -170.87    8.18
   12        427H 427H N   CA   3429 3430  -42.61  -42.30                  138.80
   13  13610 433M 434F C   N    3486 3488  -86.16  -63.20   57.20    6.65  -63.20   57.20    6.65
   13        434F 434F N   CA   3488 3489    8.09  -44.30                  -44.30
   14  13626 449K 450Q C   N    3613 3615  -85.53  -73.00   28.01    1.63  -63.80  155.48   24.02
   14        450Q 450Q N   CA   3615 3616  165.75  140.70                  -40.30
   15  13627 450Q 451G C   N    3622 3624  -72.71  -80.20   15.84    0.37   82.20 -143.22    6.86
   15        451G 451G N   CA   3624 3625  160.14  174.10                    8.50
   16  13628 453W 454G C   N    3648 3650 -169.01 -167.20    3.42    0.14   82.20 -163.87   14.25
   16        454G 454G N   CA   3650 3651  171.70  174.60                    8.50
   17  13629 454G 455G C   N    3652 3654 -175.94 -167.20    8.86    0.14   82.20 -163.94   14.02
   17        455G 455G N   CA   3654 3655  176.03  174.60                    8.50
   18  13630 455G 456G C   N    3656 3658 -179.12 -167.20   15.94    0.33   82.20 -157.63   14.24
   18        456G 456G N   CA   3658 3659 -174.81  174.60                    8.50
   19  13632 457G 458G C   N    3664 3666 -141.20 -167.20   29.01    0.44   82.20 -154.72   15.56
   19        458G 458G N   CA   3666 3667  161.73  174.60                    8.50
   20  13633 458G 459G C   N    3668 3670  116.19   78.70   37.91    2.03   82.20  172.37    6.66
   20        459G 459G N   CA   3670 3671 -160.48 -166.10                    8.50
   21  13634 459G 460G C   N    3672 3674  149.12 -167.20   44.75    0.67   82.20 -171.89   12.28
   21        460G 460G N   CA   3674 3675 -175.69  174.60                    8.50
   22  13635 460G 461G C   N    3676 3678   70.67   78.70   12.97    0.24   82.20  164.82    8.58
   22        461G 461G N   CA   3678 3679 -155.91 -166.10                    8.50
   23  13636 461G 462G C   N    3680 3682   76.97   78.70    6.23    0.25   82.20  179.49    8.45
   23        462G 462G N   CA   3682 3683 -172.08 -166.10                    8.50
   24  13637 462G 463G C   N    3684 3686  146.49 -167.20   48.02    0.70   82.20 -170.01   12.26
   24        463G 463G N   CA   3686 3687 -172.71  174.60                    8.50
   25  13638 463G 464G C   N    3688 3690  175.62 -167.20   19.43    0.30   82.20 -161.48   13.85
   25        464G 464G N   CA   3690 3691 -176.33  174.60                    8.50
   26  13639 464G 465G C   N    3692 3694 -170.51 -167.20   21.01    0.85   82.20 -179.34   13.34
   26        465G 465G N   CA   3694 3695  153.85  174.60                    8.50
   27  13640 465G 466G C   N    3696 3698  -87.12  -80.20   13.79    0.33   82.20 -114.67    7.48
   27        466G 466G N   CA   3698 3699 -173.97  174.10                    8.50
   28  13641 466G 467G C   N    3700 3702  174.73 -167.20   18.55    0.46   82.20 -173.52   13.18
   28        467G 467G N   CA   3702 3703  170.41  174.60                    8.50
   29  13642 467G 468G C   N    3704 3706   78.53   78.70    7.21    0.21   82.20  178.23    8.47
   29        468G 468G N   CA   3706 3707 -173.31 -166.10                    8.50
   30  13643 468G 469G C   N    3708 3710  133.34   78.70   55.58    2.53   82.20 -177.48   11.32
   30        469G 469G N   CA   3710 3711 -176.29 -166.10                    8.50
   31  13644 469G 470G C   N    3712 3714 -147.68 -167.20   40.99    1.23   82.20 -176.04   14.11
   31        470G 470G N   CA   3714 3715  138.55  174.60                    8.50


report______> Distribution of short non-bonded contacts:


DISTANCE1:  0.00 2.10 2.20 2.30 2.40 2.50 2.60 2.70 2.80 2.90 3.00 3.10 3.20 3.30 3.40
DISTANCE2:  2.10 2.20 2.30 2.40 2.50 2.60 2.70 2.80 2.90 3.00 3.10 3.20 3.30 3.40 3.50
FREQUENCY:     0    0    0    0    0   15   25  131  175  322  284  401  523  583  601


<< end of ENERGY.

>> Summary of successfully produced models:
Filename                          molpdf     DOPE score    GA341 score
----------------------------------------------------------------------
abl+pep.B99990001.pdb         2626.22754   -54496.44531        1.00000
abl+pep.B99990002.pdb         2526.55518   -54371.73828        1.00000
abl+pep.B99990003.pdb         2405.46802   -54305.15625        1.00000
abl+pep.B99990004.pdb         2583.57324   -54719.17969        1.00000
abl+pep.B99990005.pdb         2584.33252   -54284.16016        1.00000
abl+pep.B99990006.pdb         2654.38770   -54386.49609        1.00000
abl+pep.B99990007.pdb         2554.92700   -54235.58203        1.00000
abl+pep.B99990008.pdb         2434.82666   -54285.12891        1.00000
abl+pep.B99990009.pdb         2586.83228   -54223.80078        1.00000
abl+pep.B99990010.pdb         2844.53540   -54345.43750        1.00000
abl+pep.B99990011.pdb         2430.70117   -54511.92969        1.00000
abl+pep.B99990012.pdb         2651.36841   -54643.30859        1.00000
abl+pep.B99990013.pdb         2549.08032   -54298.84375        1.00000
abl+pep.B99990014.pdb         2642.17310   -54363.72656        1.00000
abl+pep.B99990015.pdb         2429.25195   -54443.69141        1.00000
abl+pep.B99990016.pdb         2511.42432   -54520.05859        1.00000
abl+pep.B99990017.pdb         2376.47583   -54645.31641        1.00000
abl+pep.B99990018.pdb         2757.86475   -54069.72656        1.00000
abl+pep.B99990019.pdb         2624.62378   -54356.49609        1.00000
abl+pep.B99990020.pdb         2523.71069   -54369.41016        1.00000

Total CPU time [seconds]                                 :     349.54
